,Unnamed: 0,Actual Price,Predicted Price,new_host_acceptance_rate,host_is_superhost,room_type,bedrooms,beds,number_of_reviews,availability_365,neighbourhood_cleansed,neighbourhood_group_cleansed,id,latitude,longitude,forecast_per_month_actual,forecast_per_month_Predicted Price,difference
0,0,48,111,0,f,Private room,1,1,0,365,Marine Parade,Central Region,53910005,1.30276,103.90158,1460,3376.25,1916.25
1,1,541,326,100,t,Entire home/apt,1,1,0,266,Downtown Core,Central Region,19535251,1.28143,103.85232,11992.17,7226.33,-4765.84
2,2,281,190,100,t,Entire home/apt,1,1,13,19,Singapore River,Central Region,20234954,1.28869,103.84426,444.92,300.83,-144.09
3,3,228,182,60,f,Entire home/apt,1,1,1,347,Bukit Merah,Central Region,41077161,1.27209,103.83428,6593,5262.83,-1330.17
4,4,217,85,96,f,Private room,1,1,0,338,Rochor,Central Region,50986261,1.30609,103.85188,6112.17,2394.17,-3718
5,5,96,114,13,f,Hotel room,1,2,3,360,Bedok,East Region,23999596,1.30982,103.91233,2880,3420,540
6,6,190,164,96,t,Entire home/apt,1,1,18,51,Kallang,Central Region,22282038,1.29986,103.8851,807.5,697,-110.5
7,7,143,151,96,t,Entire home/apt,1,2,105,299,Marine Parade,Central Region,30687199,1.30508,103.90527,3563.08,3762.42,199.34
8,8,33,74,65,f,Shared room,1,1,6,55,Rochor,Central Region,8343880,1.30362,103.84967,151.25,339.17,187.92
9,9,120,129,89,t,Entire home/apt,1,1,0,0,Kallang,Central Region,38912342,1.31246,103.85964,0,0,0
10,10,120,216,95,f,Entire home/apt,2,3,2,116,Novena,Central Region,45839899,1.32653,103.84858,1160,2088,928
11,11,46,57,80,f,Private room,1,1,2,364,Woodlands,North Region,39244281,1.44359,103.7943,1395.33,1729,333.67
12,12,183,327,61,f,Entire home/apt,2,2,0,338,Rochor,Central Region,52115953,1.30093,103.85153,5154.5,9210.5,4056
13,13,129,146,91,f,Hotel room,1,1,5,121,Outram,Central Region,34071208,1.2836,103.84368,1300.75,1472.17,171.42
14,14,192,157,99,f,Private room,0,1,7,361,Rochor,Central Region,48033436,1.30469,103.85578,5776,4723.08,-1052.92
15,15,30,91,100,f,Private room,1,1,2,180,Pasir Ris,East Region,8583021,1.37938,103.96355,450,1365,915
16,16,120,134,89,t,Entire home/apt,0,0,0,0,Toa Payoh,Central Region,46058403,1.33049,103.8677,0,0,0
17,17,126,156,100,f,Private room,0,1,0,363,Outram,Central Region,48019325,1.28267,103.84564,3811.5,4719,907.5
18,18,69,95,97,f,Private room,1,1,1,359,Outram,Central Region,33885738,1.2841,103.84253,2064.25,2842.08,777.83
19,19,152,103,91,f,Private room,1,1,0,121,Outram,Central Region,48613065,1.28303,103.84497,1532.67,1038.58,-494.09
20,20,300,133,91,f,Private room,0,1,1,365,Hougang,North-East Region,43055185,1.36039,103.89105,9125,4045.42,-5079.58
21,21,39,54,97,f,Private room,1,1,1,329,Geylang,Central Region,26290123,1.31489,103.88158,1069.25,1480.5,411.25
22,22,34,35,65,f,Shared room,1,16,43,49,Kallang,Central Region,17672050,1.31157,103.86069,138.83,142.92,4.09
23,23,152,185,24,f,Entire home/apt,1,2,5,357,Novena,Central Region,43934034,1.32495,103.8562,4522,5503.75,981.75
24,24,100,90,84,t,Private room,1,1,12,311,Bedok,East Region,8114003,1.31855,103.91259,2591.67,2332.5,-259.17
25,25,111,237,100,t,Entire home/apt,1,1,0,313,River Valley,Central Region,45963685,1.29557,103.83844,2895.25,6181.75,3286.5
26,26,120,90,65,f,Private room,1,1,14,90,Serangoon,North-East Region,38308020,1.37418,103.8722,900,675,-225
27,27,58,60,64,t,Private room,1,1,34,343,Jurong West,West Region,7321238,1.34265,103.71339,1657.83,1715,57.17
28,28,78,97,100,t,Private room,1,1,14,364,Museum,Central Region,10626378,1.29784,103.85038,2366,2942.33,576.33
29,29,200,110,88,t,Private room,1,2,1,55,Bedok,East Region,16149684,1.32362,103.9146,916.67,504.17,-412.5
30,30,118,172,99,f,Entire home/apt,1,1,16,84,Kallang,Central Region,36808814,1.31878,103.85252,826,1204,378
31,31,350,199,31,f,Entire home/apt,1,2,1,364,Downtown Core,Central Region,35185817,1.297,103.85554,10616.67,6036.33,-4580.34
32,32,179,179,89,t,Entire home/apt,2,2,1,0,Downtown Core,Central Region,40692679,1.27529,103.84388,0,0,0
33,33,268,298,7,f,Entire home/apt,3,5,0,365,Novena,Central Region,40571374,1.32866,103.84302,8151.67,9064.17,912.5
34,34,42,56,0,f,Private room,0,2,141,116,Bedok,East Region,16502098,1.31889,103.91243,406,541.33,135.33
35,35,375,240,31,f,Entire home/apt,1,1,0,353,Queenstown,Central Region,42124056,1.29749,103.78821,11031.25,7060,-3971.25
36,36,200,226,31,f,Entire home/apt,0,0,1,364,Outram,Central Region,53244978,1.28185,103.84375,6066.67,6855.33,788.66
37,37,95,83,41,f,Private room,1,1,0,364,Geylang,Central Region,45280147,1.31784,103.88605,2881.67,2517.67,-364
38,38,70,87,0,f,Private room,1,0,0,362,Kallang,Central Region,42552864,1.31428,103.85804,2111.67,2624.5,512.83
39,39,195,80,99,f,Private room,1,2,2,364,Kallang,Central Region,45583200,1.31325,103.86207,5915,2426.67,-3488.33
40,40,45,71,65,f,Private room,1,1,3,0,Clementi,West Region,23264528,1.31112,103.77138,0,0,0
41,41,150,103,91,f,Private room,1,0,0,121,Outram,Central Region,48614070,1.28216,103.84268,1512.5,1038.58,-473.92
42,42,179,170,96,f,Entire home/apt,0,1,2,0,Outram,Central Region,37721714,1.28338,103.84499,0,0,0
43,43,24,70,0,f,Private room,1,1,0,0,Woodlands,North Region,25856210,1.42967,103.7843,0,0,0
44,44,232,107,67,f,Private room,1,1,2,365,Queenstown,Central Region,24025735,1.28,103.78772,7056.67,3254.58,-3802.09
45,45,460,251,41,f,Entire home/apt,2,2,1,358,Bukit Merah,Central Region,31423642,1.291,103.83053,13723.33,7488.17,-6235.16
46,46,185,155,100,f,Hotel room,1,1,12,96,Outram,Central Region,34919150,1.28345,103.84326,1480,1240,-240
47,47,135,172,100,f,Entire home/apt,1,1,0,365,Clementi,West Region,23968956,1.31916,103.76234,4106.25,5231.67,1125.42
48,48,163,170,84,t,Entire home/apt,0,1,119,359,Downtown Core,Central Region,4973227,1.28945,103.84879,4876.42,5085.83,209.41
49,49,90,135,0,f,Entire home/apt,1,1,0,167,Geylang,Central Region,38712337,1.31721,103.88849,1252.5,1878.75,626.25
50,50,250,377,100,f,Entire home/apt,2,4,1,179,Toa Payoh,Central Region,34951369,1.34036,103.87977,3729.17,5623.58,1894.41
51,51,38,48,36,t,Shared room,1,1,92,357,Kallang,Central Region,9716208,1.31166,103.85976,1130.5,1428,297.5
52,52,529,420,30,f,Entire home/apt,2,3,0,363,Kallang,Central Region,53910434,1.300062789,103.8598944,16002.25,12705,-3297.25
53,53,100,93,0,f,Private room,1,1,0,178,Bukit Timah,Central Region,27041512,1.3338,103.79077,1483.33,1379.5,-103.83
54,54,200,227,0,f,Entire home/apt,3,3,0,238,Novena,Central Region,43313632,1.31664,103.84124,3966.67,4502.17,535.5
55,55,376,202,100,f,Hotel room,1,1,7,352,Outram,Central Region,30385453,1.28299,103.84312,11029.33,5925.33,-5104
56,56,65,97,65,f,Private room,1,1,24,0,Queenstown,Central Region,15428715,1.27762,103.78745,0,0,0
57,57,132,104,65,t,Private room,1,2,3,164,Rochor,Central Region,45131086,1.30096,103.85055,1804,1421.33,-382.67
58,58,150,338,0,f,Entire home/apt,3,3,0,365,Bukit Batok,West Region,43142264,1.3529,103.75964,4562.5,10280.83,5718.33
59,59,50,103,100,f,Private room,1,1,2,0,Rochor,Central Region,35048987,1.30113,103.8534,0,0,0
60,60,90,91,96,f,Private room,1,1,74,62,Tanglin,Central Region,12687038,1.29584,103.83024,465,470.17,5.17
61,61,15,73,0,f,Shared room,1,1,1,277,Bukit Timah,Central Region,42106562,1.32468,103.80998,346.25,1685.08,1338.83
62,62,30,62,100,f,Private room,1,1,0,0,Geylang,Central Region,20068221,1.31498,103.88642,0,0,0
63,63,100,170,0,f,Entire home/apt,2,1,0,117,Pasir Ris,East Region,24500374,1.37814,103.9411,975,1657.5,682.5
64,64,64,69,65,f,Private room,1,1,2,0,Geylang,Central Region,31214273,1.30991,103.88348,0,0,0
65,65,360,358,31,f,Entire home/apt,3,3,2,356,Clementi,West Region,37334803,1.31259,103.75838,10680,10620.67,-59.33
66,66,110,134,89,t,Entire home/apt,1,1,0,27,Bukit Merah,Central Region,24940113,1.28953,103.81936,247.5,301.5,54
67,67,29,59,33,f,Shared room,1,16,9,328,Kallang,Central Region,12365867,1.31005,103.85829,792.67,1612.67,820
68,68,180,95,0,f,Private room,1,1,0,0,Toa Payoh,Central Region,20547412,1.34156,103.84194,0,0,0
69,69,142,177,24,f,Entire home/apt,1,1,0,349,Novena,Central Region,45537787,1.32372,103.85296,4129.83,5147.75,1017.92
70,70,537,358,91,t,Entire home/apt,4,4,66,4,Kallang,Central Region,33112617,1.3227,103.86396,179,119.33,-59.67
71,71,150,70,65,f,Private room,1,1,1,0,Bukit Batok,West Region,16398174,1.35197,103.76697,0,0,0
72,72,484,482,30,f,Entire home/apt,3,3,1,364,Queenstown,Central Region,40789842,1.30124,103.80098,14681.33,14620.67,-60.66
73,73,630,554,30,f,Entire home/apt,3,4,5,364,Singapore River,Central Region,26791029,1.29129,103.84233,19110,16804.67,-2305.33
74,74,85,143,4,t,Entire home/apt,0,1,3,364,Kallang,Central Region,5634851,1.31486,103.85689,2578.33,4337.67,1759.34
75,75,90,135,84,t,Entire home/apt,0,1,6,365,Outram,Central Region,21314479,1.28206,103.84549,2737.5,4106.25,1368.75
76,76,163,249,24,f,Entire home/apt,2,2,5,346,Novena,Central Region,43954242,1.32407,103.85362,4699.83,7179.5,2479.67
77,77,140,135,89,t,Entire home/apt,1,1,0,0,Downtown Core,Central Region,30164832,1.27531,103.84366,0,0,0
78,78,190,176,20,f,Entire home/apt,1,1,5,362,Geylang,Central Region,13049120,1.31846,103.89153,5731.67,5309.33,-422.34
79,79,163,111,0,f,Private room,1,1,0,365,Rochor,Central Region,642660,1.30096,103.85206,4957.92,3376.25,-1581.67
80,80,348,444,80,f,Entire home/apt,2,3,0,354,Queenstown,Central Region,43480862,1.29551,103.80459,10266,13098,2832
81,81,178,450,0,f,Entire home/apt,2,4,0,178,Rochor,Central Region,35030220,1.30715,103.84713,2640.33,6675,4034.67
82,82,151,162,89,t,Entire home/apt,2,2,0,242,Bishan,Central Region,49990549,1.35385,103.8511,3045.17,3267,221.83
83,83,250,76,65,f,Private room,1,2,54,365,Jurong West,West Region,5540894,1.35095,103.70536,7604.17,2311.67,-5292.5
84,84,56,55,0,f,Shared room,1,4,2,0,Kallang,Central Region,37619286,1.31656,103.85981,0,0,0
85,85,164,155,96,t,Entire home/apt,1,1,57,0,Kallang,Central Region,21854678,1.29951,103.88525,0,0,0
86,86,91,95,95,f,Private room,1,1,0,191,River Valley,Central Region,50212778,1.29614,103.8387,1448.42,1512.08,63.66
87,87,49,59,81,f,Private room,1,1,4,0,Kallang,Central Region,17626886,1.3095,103.86144,0,0,0
88,88,295,80,100,t,Private room,1,1,6,347,Bukit Merah,Central Region,39338786,1.27536,103.83988,8530.42,2313.33,-6217.09
89,89,100,92,84,t,Private room,1,1,6,328,Bedok,East Region,8113893,1.31696,103.91394,2733.33,2514.67,-218.66
90,90,27,49,94,t,Private room,1,1,21,304,Woodlands,North Region,36212391,1.42958,103.78015,684,1241.33,557.33
91,91,67,143,96,f,Hotel room,1,1,16,145,Singapore River,Central Region,35885309,1.28809,103.84895,809.58,1727.92,918.34
92,92,80,84,70,t,Entire home/apt,1,1,61,112,Geylang,Central Region,2838555,1.31403,103.88604,746.67,784,37.33
93,93,80,102,41,f,Private room,1,1,0,364,Novena,Central Region,44562055,1.3254,103.84367,2426.67,3094,667.33
94,94,64,65,65,f,Private room,1,1,49,0,Geylang,Central Region,4656316,1.31102,103.88332,0,0,0
95,95,72,81,84,f,Entire home/apt,1,1,92,81,Geylang,Central Region,13418425,1.31307,103.88768,486,546.75,60.75
96,96,230,227,71,f,Entire home/apt,1,1,0,363,Novena,Central Region,21792881,1.31664,103.84282,6957.5,6866.75,-90.75
97,97,60,63,65,f,Private room,1,1,1,234,Jurong East,West Region,19856273,1.32296,103.73815,1170,1228.5,58.5
98,98,224,112,67,f,Private room,1,1,0,365,Bedok,East Region,53927825,1.31647171,103.9352713,6813.33,3406.67,-3406.66
99,99,179,181,65,f,Private room,2,3,20,365,Tampines,East Region,71609,1.34537,103.95887,5444.58,5505.42,60.84
100,100,274,444,41,f,Entire home/apt,3,3,0,364,Novena,Central Region,53370046,1.32629,103.84921,8311.33,13468,5156.67
101,101,192,193,84,t,Private room,0,1,1,352,Singapore River,Central Region,51931632,1.28771,103.8481,5632,5661.33,29.33
102,102,134,67,0,f,Private room,1,2,1,88,Woodlands,North Region,31357872,1.42768,103.77561,982.67,491.33,-491.34
103,103,68,55,65,f,Shared room,1,1,1,0,Choa Chu Kang,West Region,21037930,1.37776,103.73604,0,0,0
104,104,120,105,65,f,Private room,1,1,2,0,Rochor,Central Region,6716844,1.30205,103.85804,0,0,0
105,105,88,98,100,f,Private room,1,1,12,357,Outram,Central Region,34454047,1.28534,103.84224,2618,2915.5,297.5
106,106,410,344,0,f,Entire home/apt,2,3,0,365,Bukit Merah,Central Region,38498535,1.28302,103.83199,12470.83,10463.33,-2007.5
107,107,198,218,7,f,Entire home/apt,2,2,0,365,Kallang,Central Region,41483991,1.32735,103.86591,6022.5,6630.83,608.33
108,108,129,95,0,t,Private room,1,3,266,55,Novena,Central Region,5493930,1.3174,103.84796,591.25,435.42,-155.83
109,109,176,175,71,f,Entire home/apt,0,1,0,327,Queenstown,Central Region,51003694,1.28257,103.78404,4796,4768.75,-27.25
110,110,350,277,65,f,Entire home/apt,2,2,27,358,Bukit Merah,Central Region,21370642,1.28455,103.83142,10441.67,8263.83,-2177.84
111,111,143,144,89,t,Entire home/apt,2,0,0,95,Bishan,Central Region,46058773,1.35409,103.85006,1132.08,1140,7.92
112,112,74,84,0,f,Private room,1,1,0,358,Toa Payoh,Central Region,22133845,1.33195,103.87706,2207.67,2506,298.33
113,113,95,98,0,f,Private room,1,1,0,365,Downtown Core,Central Region,26143135,1.28024,103.8516,2889.58,2980.83,91.25
114,114,43,63,84,t,Private room,1,2,89,144,Geylang,Central Region,24571017,1.31534,103.89967,516,756,240
115,115,100,163,0,f,Entire home/apt,1,1,0,365,Kallang,Central Region,11442336,1.32092,103.86291,3041.67,4957.92,1916.25
116,116,159,94,93,t,Private room,1,3,103,44,Outram,Central Region,28747912,1.28641,103.84419,583,344.67,-238.33
117,117,110,132,89,t,Entire home/apt,0,1,0,0,Toa Payoh,Central Region,32818697,1.33037,103.86625,0,0,0
118,118,70,94,84,f,Entire home/apt,1,1,1,54,Geylang,Central Region,48860282,1.31515,103.88632,315,423,108
119,119,179,85,90,f,Hotel room,1,1,41,0,Outram,Central Region,26309079,1.2817,103.84554,0,0,0
120,120,90,79,91,t,Private room,1,1,32,254,Serangoon,North-East Region,16370834,1.38703,103.87264,1905,1672.17,-232.83
121,121,616,421,100,t,Entire home/apt,2,3,19,39,Singapore River,Central Region,19369423,1.28726,103.84425,2002,1368.25,-633.75
122,122,208,200,30,f,Entire home/apt,2,2,0,183,Newton,Central Region,43537846,1.30858,103.82917,3172,3050,-122
123,123,128,102,60,f,Private room,1,0,0,365,Novena,Central Region,43506850,1.3234,103.85283,3893.33,3102.5,-790.83
124,124,45,59,73,t,Private room,1,1,79,351,Geylang,Central Region,22114845,1.31222,103.88308,1316.25,1725.75,409.5
125,125,209,242,30,f,Entire home/apt,2,2,0,364,Downtown Core,Central Region,52312464,1.27325,103.84731,6339.67,7340.67,1001
126,126,228,169,63,t,Entire home/apt,0,1,3,357,Bukit Merah,Central Region,5446857,1.27626,103.84073,6783,5027.75,-1755.25
127,127,140,94,84,t,Private room,1,1,2,329,Bedok,East Region,43493044,1.32366,103.91548,3838.33,2577.17,-1261.16
128,128,65,214,65,f,Entire home/apt,2,3,5,22,Pasir Ris,East Region,13692568,1.35361,103.96703,119.17,392.33,273.16
129,129,360,198,0,f,Entire home/apt,2,2,0,180,Novena,Central Region,53835433,1.32549507,103.8474657,5400,2970,-2430
130,130,132,172,99,f,Entire home/apt,0,1,0,275,River Valley,Central Region,53751109,1.296347572,103.8385043,3025,3941.67,916.67
131,131,65,68,29,f,Private room,1,1,4,364,Jurong West,West Region,31687465,1.34654,103.72224,1971.67,2062.67,91
132,132,84,98,0,f,Private room,1,1,0,365,Downtown Core,Central Region,29557949,1.28144,103.85372,2555,2980.83,425.83
133,133,89,97,65,f,Private room,1,1,10,362,Tampines,East Region,3304326,1.34798,103.9617,2684.83,2926.17,241.34
134,134,600,107,0,f,Shared room,1,2,0,365,Pasir Ris,East Region,37825175,1.36856,103.94425,18250,3254.58,-14995.42
135,135,67,84,70,t,Entire home/apt,1,1,62,146,Geylang,Central Region,4561484,1.31382,103.88587,815.17,1022,206.83
136,136,60,99,0,f,Private room,1,1,0,90,Tampines,East Region,52301070,1.34537,103.95973,450,742.5,292.5
137,137,110,129,89,t,Entire home/apt,0,0,2,0,Bukit Merah,Central Region,47912268,1.28494,103.8337,0,0,0
138,138,60,56,89,f,Private room,1,1,5,359,Yishun,North Region,42545850,1.41863,103.84743,1795,1675.33,-119.67
139,139,100,80,0,f,Private room,1,1,0,87,Jurong West,West Region,42866383,1.34047,103.70605,725,580,-145
140,140,42,29,38,f,Hotel room,1,16,34,0,Kallang,Central Region,10041012,1.31114,103.86054,0,0,0
141,141,53,104,0,f,Private room,1,1,0,71,River Valley,Central Region,46505181,1.29613,103.83926,313.58,615.33,301.75
142,142,50,102,0,f,Private room,1,1,0,364,Novena,Central Region,10708117,1.32334,103.85306,1516.67,3094,1577.33
143,143,286,263,99,t,Entire home/apt,2,2,0,46,Rochor,Central Region,32623479,1.29902,103.85153,1096.33,1008.17,-88.16
144,144,883,360,100,t,Entire home/apt,2,2,6,365,Orchard,Central Region,22990457,1.3006,103.84177,26857.92,10950,-15907.92
145,145,151,153,89,t,Entire home/apt,2,2,2,0,Bishan,Central Region,32198860,1.35269,103.84982,0,0,0
146,146,260,230,41,f,Entire home/apt,0,1,0,363,Novena,Central Region,52663333,1.32013,103.85287,7865,6957.5,-907.5
147,147,241,135,99,f,Private room,1,2,14,360,Downtown Core,Central Region,42081657,1.29656,103.85775,7230,4050,-3180
148,148,85,79,41,f,Private room,1,1,0,364,Kallang,Central Region,45134515,1.31042,103.86171,2578.33,2396.33,-182
149,149,428,462,80,f,Entire home/apt,3,7,0,363,Novena,Central Region,43143057,1.3178,103.84357,12947,13975.5,1028.5
150,150,125,140,71,f,Entire home/apt,1,1,20,328,Bukit Merah,Central Region,40904017,1.27484,103.83239,3416.67,3826.67,410
151,151,350,425,57,f,Entire home/apt,2,3,0,363,Novena,Central Region,43057362,1.3172,103.8439,10587.5,12856.25,2268.75
152,152,311,320,71,f,Entire home/apt,3,3,3,332,Clementi,West Region,19832956,1.30906,103.76205,8604.33,8853.33,249
153,153,265,285,41,f,Entire home/apt,1,1,0,364,River Valley,Central Region,45778518,1.296,103.83673,8038.33,8645,606.67
154,154,180,121,88,t,Private room,1,2,0,18,Bedok,East Region,26093121,1.32358,103.91458,270,181.5,-88.5
155,155,119,121,100,f,Private room,2,2,1,177,Bedok,East Region,21073678,1.30396,103.92743,1755.25,1784.75,29.5
156,156,108,109,100,f,Private room,1,1,6,364,Sembawang,North Region,8256942,1.44162,103.82343,3276,3306.33,30.33
157,157,798,403,0,f,Entire home/apt,3,4,0,312,River Valley,Central Region,46475535,1.29191,103.84025,20748,10478,-10270
158,158,255,367,41,f,Entire home/apt,3,3,0,364,Jurong East,West Region,51441847,1.33585,103.74603,7735,11132.33,3397.33
159,159,182,245,31,f,Entire home/apt,2,2,0,364,Downtown Core,Central Region,45107551,1.2738,103.84713,5520.67,7431.67,1911
160,160,160,178,100,t,Entire home/apt,1,1,41,0,Kallang,Central Region,21804950,1.29951,103.88525,0,0,0
161,161,109,99,0,f,Private room,1,1,0,364,Serangoon,North-East Region,16213361,1.35641,103.86726,3306.33,3003,-303.33
162,162,259,102,0,f,Private room,1,1,0,10,Downtown Core,Central Region,53802906,1.30127886,103.856969,215.83,85,-130.83
163,163,132,130,89,t,Entire home/apt,0,1,0,55,Downtown Core,Central Region,36427750,1.27553,103.84522,605,595.83,-9.17
164,164,82,79,100,f,Shared room,1,1,0,343,Rochor,Central Region,28998042,1.30181,103.85954,2343.83,2258.08,-85.75
165,165,198,213,7,f,Entire home/apt,3,4,1,178,Geylang,Central Region,41326499,1.31185,103.87651,2937,3159.5,222.5
166,166,155,210,99,t,Entire home/apt,1,1,0,77,Downtown Core,Central Region,50823263,1.29692,103.85279,994.58,1347.5,352.92
167,167,89,98,92,t,Private room,1,1,5,25,Queenstown,Central Region,39077406,1.30447,103.78502,185.42,204.17,18.75
168,168,113,128,89,t,Entire home/apt,1,1,0,0,Jurong East,West Region,34188337,1.33527,103.7428,0,0,0
169,169,78,111,0,f,Private room,1,1,0,363,Bedok,East Region,5406502,1.31279,103.93821,2359.5,3357.75,998.25
170,170,74,66,65,f,Private room,1,1,22,0,Geylang,Central Region,7830012,1.30976,103.88201,0,0,0
171,171,160,247,31,f,Entire home/apt,1,1,0,357,Queenstown,Central Region,43706347,1.29687,103.80467,4760,7348.25,2588.25
172,172,28,106,65,f,Private room,1,1,1,365,Sembawang,North Region,15775531,1.45152,103.81413,851.67,3224.17,2372.5
173,173,198,202,7,f,Entire home/apt,3,1,1,168,Geylang,Central Region,41328031,1.31166,103.87739,2772,2828,56
174,174,538,246,100,t,Entire home/apt,1,1,2,343,Orchard,Central Region,22912035,1.30243,103.84007,15377.83,7031.5,-8346.33
175,175,382,202,0,f,Entire home/apt,1,1,0,357,Rochor,Central Region,42123951,1.30026,103.84954,11364.5,6009.5,-5355
176,176,251,228,100,t,Entire home/apt,0,1,20,359,Novena,Central Region,47295315,1.31889,103.84879,7509.08,6821,-688.08
177,177,290,78,0,f,Private room,0,2,0,0,Bukit Merah,Central Region,23965690,1.28706,103.80514,0,0,0
178,178,29,86,65,f,Hotel room,1,1,7,0,Outram,Central Region,24511491,1.28356,103.84459,0,0,0
179,179,80,98,0,f,Private room,1,1,0,365,Downtown Core,Central Region,21061607,1.28525,103.8529,2433.33,2980.83,547.5
180,180,65,81,84,f,Entire home/apt,0,1,53,81,Geylang,Central Region,20815980,1.31316,103.88606,438.75,546.75,108
181,181,195,150,65,f,Entire home/apt,1,2,29,180,Downtown Core,Central Region,19801615,1.27448,103.84531,2925,2250,-675
182,182,128,85,0,f,Private room,1,1,0,177,Sembawang,North Region,4514543,1.45323,103.81729,1888,1253.75,-634.25
183,183,50,85,41,f,Private room,1,1,1,324,Newton,Central Region,23211763,1.31237,103.83167,1350,2295,945
184,184,55,93,65,t,Private room,1,1,71,363,Punggol,North-East Region,11980197,1.40088,103.91,1663.75,2813.25,1149.5
185,185,295,282,41,f,Entire home/apt,1,1,0,364,Singapore River,Central Region,52395633,1.28936,103.84442,8948.33,8554,-394.33
186,186,113,114,100,t,Private room,1,1,167,365,Downtown Core,Central Region,42417293,1.29838,103.85742,3437.08,3467.5,30.42
187,187,99,75,65,t,Private room,1,1,52,180,Bedok,East Region,25435388,1.32167,103.90557,1485,1125,-360
188,188,180,77,100,f,Private room,1,1,0,363,Kallang,Central Region,51091286,1.31877,103.85915,5445,2329.25,-3115.75
189,189,90,158,0,f,Entire home/apt,0,1,0,29,Bedok,East Region,39885622,1.32025,103.95725,217.5,381.83,164.33
190,190,27,38,50,f,Hotel room,1,10,11,116,Outram,Central Region,16524551,1.28489,103.84323,261,367.33,106.33
191,191,259,199,74,t,Entire home/apt,1,2,10,61,Geylang,Central Region,43694447,1.31258,103.87954,1316.58,1011.58,-305
192,192,80,86,100,f,Private room,1,1,2,322,Marine Parade,Central Region,50490653,1.30051,103.90253,2146.67,2307.67,161
193,193,130,89,84,t,Private room,1,1,5,179,Bedok,East Region,16260783,1.3255,103.91599,1939.17,1327.58,-611.59
194,194,360,232,30,f,Entire home/apt,1,1,0,364,Kallang,Central Region,42945709,1.29859,103.86059,10920,7037.33,-3882.67
195,195,742,163,47,f,Entire home/apt,1,1,0,179,Downtown Core,Central Region,53665903,1.281413404,103.8598007,11068.17,2431.42,-8636.75
196,196,108,93,0,f,Private room,1,1,1,358,Bishan,Central Region,6253881,1.35747,103.84781,3222,2774.5,-447.5
197,197,70,118,65,f,Private room,0,1,1,364,Bukit Timah,Central Region,21939528,1.31606,103.78816,2123.33,3579.33,1456
198,198,140,97,0,f,Private room,0,1,0,0,Central Water Catchment,North Region,29148255,1.35127,103.81926,0,0,0
199,199,118,269,65,f,Entire home/apt,2,2,4,363,Kallang,Central Region,22733377,1.29811,103.87299,3569.5,8137.25,4567.75
200,200,180,191,41,f,Entire home/apt,1,1,0,363,Bukit Merah,Central Region,51511807,1.28903,103.83028,5445,5777.75,332.75
201,201,1300,211,0,f,Private room,0,1,0,365,Newton,Central Region,46178304,1.30642,103.84189,39541.67,6417.92,-33123.75
202,202,70,97,0,f,Private room,1,1,0,178,Tampines,East Region,39347379,1.34072,103.96118,1038.33,1438.83,400.5
203,203,149,179,24,f,Entire home/apt,1,1,2,351,Novena,Central Region,44569176,1.32215,103.85284,4358.25,5235.75,877.5
204,204,73,83,84,f,Entire home/apt,1,1,12,79,Geylang,Central Region,21805009,1.31515,103.88655,480.58,546.42,65.84
205,205,78,92,100,f,Private room,1,3,33,85,Serangoon,North-East Region,33536365,1.38328,103.86828,552.5,651.67,99.17
206,206,100,160,0,f,Entire home/apt,1,1,0,365,Novena,Central Region,6340605,1.32515,103.84914,3041.67,4866.67,1825
207,207,473,202,100,t,Entire home/apt,0,0,9,365,Orchard,Central Region,18081902,1.30236,103.83986,14387.08,6144.17,-8242.91
208,208,240,217,96,f,Hotel room,1,1,54,359,Singapore River,Central Region,21605333,1.28616,103.84908,7180,6491.92,-688.08
209,209,125,140,96,f,Private room,0,1,2,261,Downtown Core,Central Region,46382569,1.29749,103.85674,2718.75,3045,326.25
210,210,103,93,99,f,Private room,1,1,17,209,River Valley,Central Region,45854835,1.29654,103.83917,1793.92,1619.75,-174.17
211,211,148,170,84,t,Private room,0,1,0,361,Singapore River,Central Region,51947045,1.28777,103.84809,4452.33,5114.17,661.84
212,212,90,79,0,f,Private room,1,1,16,54,Bukit Timah,Central Region,31520512,1.31261,103.80259,405,355.5,-49.5
213,213,135,174,0,f,Entire home/apt,1,1,0,365,Downtown Core,Central Region,33087310,1.28197,103.85214,4106.25,5292.5,1186.25
214,214,69,84,97,f,Private room,1,1,1,328,Outram,Central Region,14407337,1.28382,103.84339,1886,2296,410
215,215,37,90,97,f,Private room,1,1,5,361,Bukit Merah,Central Region,33999107,1.28559,103.8332,1113.08,2707.5,1594.42
216,216,100,99,0,f,Private room,1,2,31,355,Museum,Central Region,22441995,1.29518,103.84368,2958.33,2928.75,-29.58
217,217,29,62,0,f,Hotel room,1,8,47,144,Rochor,Central Region,34235543,1.30545,103.85328,348,744,396
218,218,65,102,0,f,Private room,1,1,4,174,Novena,Central Region,13241591,1.32765,103.8499,942.5,1479,536.5
219,219,64,69,65,f,Private room,1,1,6,0,Geylang,Central Region,27271822,1.312,103.88265,0,0,0
220,220,41,92,96,f,Private room,1,1,2,361,Bukit Merah,Central Region,32818879,1.28426,103.83438,1233.42,2767.67,1534.25
221,221,431,461,41,f,Entire home/apt,3,3,2,364,Novena,Central Region,23084195,1.31806,103.84587,13073.67,13983.67,910
222,222,130,88,88,t,Private room,1,1,6,220,Bedok,East Region,18169687,1.32551,103.91498,2383.33,1613.33,-770
223,223,68,95,100,f,Private room,1,1,24,52,River Valley,Central Region,40267527,1.29746,103.84153,294.67,411.67,117
224,224,48,58,97,f,Private room,1,1,1,0,Kallang,Central Region,28522862,1.3091,103.86033,0,0,0
225,225,117,174,0,f,Entire home/apt,1,1,0,365,Downtown Core,Central Region,27889309,1.28209,103.85237,3558.75,5292.5,1733.75
226,226,4000,1238,41,f,Entire home/apt,3,4,0,364,Southern Islands,Central Region,45524524,1.24826,103.82401,121333.33,37552.67,-83780.66
227,227,160,233,30,f,Entire home/apt,0,1,0,364,Rochor,Central Region,26052120,1.30714,103.85158,4853.33,7067.67,2214.34
228,228,391,384,74,t,Entire home/apt,3,5,46,67,Geylang,Central Region,35786308,1.31084,103.87947,2183.08,2144,-39.08
229,229,87,80,100,f,Shared room,1,1,0,301,Rochor,Central Region,31002918,1.30025,103.85951,2182.25,2006.67,-175.58
230,230,154,194,84,t,Private room,0,1,0,354,Singapore River,Central Region,51660773,1.28923,103.84871,4543,5723,1180
231,231,139,109,77,f,Private room,1,1,0,365,Queenstown,Central Region,41116039,1.28098,103.78765,4227.92,3315.42,-912.5
232,232,55,57,0,f,Private room,1,1,0,0,Ang Mo Kio,North-East Region,23636649,1.37432,103.83718,0,0,0
233,233,480,322,100,t,Entire home/apt,2,3,66,106,Orchard,Central Region,31851838,1.30458,103.83404,4240,2844.33,-1395.67
234,234,156,168,96,f,Private room,0,2,0,355,Downtown Core,Central Region,46383430,1.29749,103.85674,4615,4970,355
235,235,450,189,84,t,Private room,0,1,1,356,Singapore River,Central Region,52062197,1.28717,103.84836,13350,5607,-7743
236,236,450,275,31,f,Entire home/apt,1,1,0,364,Tanglin,Central Region,37299191,1.29409,103.82826,13650,8341.67,-5308.33
237,237,275,183,30,f,Entire home/apt,0,1,0,364,Bukit Merah,Central Region,47778000,1.2745,103.83451,8341.67,5551,-2790.67
238,238,100,64,0,f,Private room,1,1,32,303,Jurong West,West Region,17736530,1.33727,103.69013,2525,1616,-909
239,239,70,62,100,f,Private room,1,1,11,356,Hougang,North-East Region,31948394,1.37573,103.90272,2076.67,1839.33,-237.34
240,240,47,30,38,f,Hotel room,1,16,59,0,Kallang,Central Region,10040969,1.31114,103.86054,0,0,0
241,241,127,101,65,t,Private room,1,1,7,143,Rochor,Central Region,44283744,1.30214,103.85255,1513.42,1203.58,-309.84
242,242,33,105,100,f,Private room,1,1,1,364,Pasir Ris,East Region,8681954,1.37913,103.96415,1001,3185,2184
243,243,143,92,71,f,Private room,1,1,1,358,Bukit Merah,Central Region,40748133,1.27483,103.8347,4266.17,2744.67,-1521.5
244,244,64,65,65,f,Private room,1,1,81,0,Geylang,Central Region,4990392,1.31149,103.88161,0,0,0
245,245,81,96,56,t,Private room,1,1,28,48,Novena,Central Region,29614706,1.31572,103.83951,324,384,60
246,246,108,97,97,f,Private room,1,1,13,15,River Valley,Central Region,39334937,1.29682,103.83997,135,121.25,-13.75
247,247,125,108,100,t,Private room,1,1,17,364,Rochor,Central Region,43408005,1.30469,103.85574,3791.67,3276,-515.67
248,248,57,71,65,f,Private room,1,1,7,364,Hougang,North-East Region,13088479,1.34887,103.88034,1729,2153.67,424.67
249,249,49,55,97,f,Private room,1,1,1,328,Kallang,Central Region,8398148,1.30755,103.86353,1339.33,1503.33,164
250,250,130,101,13,f,Private room,1,2,7,359,Museum,Central Region,24764493,1.29656,103.85157,3889.17,3021.58,-867.59
251,251,90,106,80,t,Private room,1,0,0,232,Downtown Core,Central Region,47774321,1.28152,103.85391,1740,2049.33,309.33
252,252,47,58,97,f,Private room,1,1,1,0,Kallang,Central Region,15406706,1.31053,103.86075,0,0,0
253,253,135,168,99,t,Entire home/apt,1,1,5,0,Rochor,Central Region,41033189,1.29918,103.85212,0,0,0
254,254,70,242,0,f,Entire home/apt,2,2,0,365,Hougang,North-East Region,35018771,1.35432,103.88926,2129.17,7360.83,5231.66
255,255,235,190,30,f,Entire home/apt,0,1,0,346,Novena,Central Region,52910692,1.32606,103.84689,6775.83,5478.33,-1297.5
256,256,245,222,2,f,Entire home/apt,1,2,1,359,Kallang,Central Region,15634389,1.31165,103.86019,7329.58,6641.5,-688.08
257,257,639,403,0,f,Entire home/apt,3,4,0,311,River Valley,Central Region,46475821,1.29197,103.84052,16560.75,10444.42,-6116.33
258,258,99,170,0,f,Entire home/apt,1,1,0,90,Sembawang,North Region,18978986,1.44328,103.82434,742.5,1275,532.5
259,259,147,151,90,f,Hotel room,1,1,33,78,Outram,Central Region,25816812,1.28368,103.8451,955.5,981.5,26
260,260,138,232,30,f,Entire home/apt,1,1,0,364,Kallang,Central Region,50742155,1.31189,103.85647,4186,7037.33,2851.33
261,261,80,142,61,f,Entire home/apt,0,1,0,328,Kallang,Central Region,52709361,1.31641,103.85723,2186.67,3881.33,1694.66
262,262,142,208,99,f,Private room,0,2,6,365,Rochor,Central Region,48033351,1.3062,103.85596,4319.17,6326.67,2007.5
263,263,68,103,0,f,Private room,1,1,0,365,Bukit Timah,Central Region,43406519,1.34126,103.76739,2068.33,3132.92,1064.59
264,264,280,434,41,f,Entire home/apt,2,3,0,364,Novena,Central Region,40478454,1.32827,103.84745,8493.33,13164.67,4671.34
265,265,18,73,0,f,Shared room,1,1,3,334,Queenstown,Central Region,6190850,1.29261,103.7685,501,2031.83,1530.83
266,266,27,31,50,f,Hotel room,1,10,36,300,Outram,Central Region,16964241,1.28299,103.84457,675,775,100
267,267,168,177,90,f,Entire home/apt,1,1,13,41,Outram,Central Region,25981021,1.28296,103.84707,574,604.75,30.75
268,268,112,88,95,f,Private room,1,1,3,303,River Valley,Central Region,51613814,1.2951,103.83888,2828,2222,-606
269,269,214,85,77,f,Private room,1,1,3,345,Queenstown,Central Region,24447655,1.28116,103.78732,6152.5,2443.75,-3708.75
270,270,500,75,65,f,Private room,2,1,25,91,Geylang,Central Region,21937326,1.32013,103.88114,3791.67,568.75,-3222.92
271,271,144,109,100,t,Private room,1,1,25,364,Rochor,Central Region,43379899,1.30498,103.85591,4368,3306.33,-1061.67
272,272,160,88,41,f,Private room,1,1,0,364,Clementi,West Region,20658143,1.31439,103.75904,4853.33,2669.33,-2184
273,273,35,107,100,t,Private room,2,2,1,335,Sengkang,North-East Region,43089999,1.3958,103.87773,977.08,2987.08,2010
274,274,194,328,41,f,Entire home/apt,2,2,0,364,Queenstown,Central Region,43129915,1.29698,103.80473,5884.67,9949.33,4064.66
275,275,662,370,91,t,Entire home/apt,2,3,20,166,Orchard,Central Region,19595827,1.30435,103.83382,9157.67,5118.33,-4039.34
276,276,168,104,0,f,Private room,1,1,0,179,Novena,Central Region,28789540,1.32883,103.84856,2506,1551.33,-954.67
277,277,64,66,65,f,Private room,1,1,37,0,Geylang,Central Region,24927780,1.31078,103.88135,0,0,0
278,278,34,110,100,f,Hotel room,1,1,0,0,Rochor,Central Region,33604867,1.3022,103.85818,0,0,0
279,279,280,1396,0,f,Entire home/apt,4,1,0,0,Tanglin,Central Region,49863210,1.31477,103.82442,0,0,0
280,280,480,310,30,f,Entire home/apt,2,1,0,364,Novena,Central Region,46684152,1.32604,103.84534,14560,9403.33,-5156.67
281,281,57,98,0,f,Private room,1,1,0,365,Downtown Core,Central Region,21049838,1.28484,103.85875,1733.75,2980.83,1247.08
282,282,400,275,31,f,Entire home/apt,1,1,0,364,Tanglin,Central Region,44145748,1.31232,103.82459,12133.33,8341.67,-3791.66
283,283,151,135,89,t,Entire home/apt,1,1,0,0,Downtown Core,Central Region,43344197,1.27459,103.84437,0,0,0
284,284,150,75,65,f,Private room,1,1,1,364,Ang Mo Kio,North-East Region,19774868,1.37579,103.84928,4550,2275,-2275
285,285,253,178,13,f,Private room,3,3,0,365,Bedok,East Region,24001052,1.30817,103.91315,7695.42,5414.17,-2281.25
286,286,35,82,0,f,Private room,1,1,0,185,Jurong West,West Region,27346264,1.34864,103.69553,539.58,1264.17,724.59
287,287,288,165,0,f,Entire home/apt,1,2,0,365,River Valley,Central Region,10341515,1.29548,103.83396,8760,5018.75,-3741.25
288,288,120,136,89,t,Entire home/apt,1,0,3,0,Bukit Merah,Central Region,47912530,1.28639,103.8337,0,0,0
289,289,988,371,0,f,Hotel room,1,4,0,315,Rochor,Central Region,25953564,1.30264,103.86022,25935,9738.75,-16196.25
290,290,59,147,77,f,Private room,0,1,10,343,Bukit Merah,Central Region,330089,1.28652,103.81225,1686.42,4201.75,2515.33
291,291,229,445,0,f,Entire home/apt,2,2,0,330,Toa Payoh,Central Region,31722950,1.3307,103.86753,6297.5,12237.5,5940
292,292,567,89,0,f,Private room,1,1,0,324,Bukit Merah,Central Region,45804462,1.2849,103.83387,15309,2403,-12906
293,293,153,196,89,t,Entire home/apt,2,2,28,0,Clementi,West Region,19351097,1.3172,103.75876,0,0,0
294,294,232,188,96,f,Hotel room,1,1,7,342,Singapore River,Central Region,21420790,1.28684,103.8472,6612,5358,-1254
295,295,30,73,91,f,Private room,1,1,0,365,Kallang,Central Region,40113996,1.32744,103.86243,912.5,2220.42,1307.92
296,296,205,179,100,f,Entire home/apt,1,1,21,61,Outram,Central Region,34318004,1.28338,103.84503,1042.08,909.92,-132.16
297,297,40,102,0,f,Private room,1,0,0,365,Novena,Central Region,45690828,1.31801,103.84988,1216.67,3102.5,1885.83
298,298,132,79,65,f,Private room,1,1,7,0,Bukit Merah,Central Region,13254555,1.2877,103.82903,0,0,0
299,299,130,151,64,f,Entire home/apt,0,0,0,26,Bedok,East Region,49408255,1.30397,103.92244,281.67,327.17,45.5
300,300,245,212,41,f,Entire home/apt,0,1,0,364,Marine Parade,Central Region,48153394,1.30082,103.88613,7431.67,6430.67,-1001
301,301,69,84,96,f,Private room,1,1,2,328,Outram,Central Region,32171204,1.28469,103.84346,1886,2296,410
302,302,2695,1317,6,f,Entire home/apt,2,3,0,364,Rochor,Central Region,29548473,1.31206,103.85374,81748.33,39949,-41799.33
303,303,144,174,0,f,Entire home/apt,1,1,0,365,Downtown Core,Central Region,42678905,1.27989,103.85201,4380,5292.5,912.5
304,304,235,151,91,f,Hotel room,1,2,12,117,Outram,Central Region,34073545,1.28239,103.84502,2291.25,1472.25,-819
305,305,470,517,41,f,Entire home/apt,2,3,0,364,Singapore River,Central Region,32295511,1.29083,103.84284,14256.67,15682.33,1425.66
306,306,228,299,7,f,Entire home/apt,3,3,0,365,Kallang,Central Region,40544836,1.3182,103.8523,6935,9094.58,2159.58
307,307,33,110,100,f,Hotel room,1,1,0,0,Rochor,Central Region,33604087,1.30257,103.8602,0,0,0
308,308,47,106,0,f,Private room,1,1,0,94,Newton,Central Region,44036899,1.31535,103.83494,368.17,830.33,462.16
309,309,192,99,100,t,Private room,1,1,6,362,Outram,Central Region,49048346,1.27919,103.84514,5792,2986.5,-2805.5
310,310,684,465,100,f,Entire home/apt,3,4,0,150,River Valley,Central Region,45962895,1.29845,103.84129,8550,5812.5,-2737.5
311,311,306,190,0,f,Entire home/apt,1,1,0,165,Clementi,West Region,46606472,1.29869,103.76415,4207.5,2612.5,-1595
312,312,147,151,90,f,Hotel room,1,1,39,74,Outram,Central Region,26964529,1.28316,103.84518,906.5,931.17,24.67
313,313,51,55,73,t,Private room,1,1,40,337,Geylang,Central Region,27406451,1.31334,103.88331,1432.25,1544.58,112.33
314,314,106,129,89,t,Entire home/apt,1,0,0,0,Marine Parade,Central Region,46058249,1.30539,103.89791,0,0,0
315,315,180,64,65,f,Private room,1,1,2,270,Bukit Batok,West Region,28198324,1.35269,103.75533,4050,1440,-2610
316,316,48,51,100,f,Shared room,1,1,1,31,Kallang,Central Region,37545814,1.31483,103.8727,124,131.75,7.75
317,317,60,105,80,t,Private room,1,0,0,364,Downtown Core,Central Region,53100793,1.28149,103.85163,1820,3185,1365
318,318,50,78,0,f,Shared room,1,2,11,356,Queenstown,Central Region,1277919,1.2927,103.7685,1483.33,2314,830.67
319,319,300,303,31,f,Entire home/apt,2,2,0,364,Novena,Central Region,38526126,1.31514,103.84052,9100,9191,91
320,320,165,92,100,f,Private room,1,2,0,364,Toa Payoh,Central Region,52699740,1.33352,103.87775,5005,2790.67,-2214.33
321,321,210,424,31,f,Entire home/apt,2,2,0,364,Toa Payoh,Central Region,38684124,1.33106,103.86605,6370,12861.33,6491.33
322,322,80,58,78,f,Private room,1,1,233,0,Kallang,Central Region,16891958,1.30617,103.8612,0,0,0
323,323,48,96,41,f,Private room,0,1,1,60,Rochor,Central Region,31294602,1.30149,103.84721,240,480,240
324,324,495,494,31,f,Entire home/apt,2,3,0,364,Orchard,Central Region,35185750,1.30357,103.83184,15015,14984.67,-30.33
325,325,63,98,0,f,Private room,1,1,0,365,Downtown Core,Central Region,30335491,1.28141,103.85379,1916.25,2980.83,1064.58
326,326,120,144,61,f,Entire home/apt,1,0,0,117,Kallang,Central Region,51524494,1.31613,103.85704,1170,1404,234
327,327,100,91,88,t,Private room,1,1,3,311,Bedok,East Region,25184205,1.31878,103.9121,2591.67,2358.42,-233.25
328,328,68,81,84,f,Entire home/apt,1,1,55,57,Geylang,Central Region,6477665,1.31537,103.88684,323,384.75,61.75
329,329,405,274,41,f,Entire home/apt,1,1,0,364,Tanglin,Central Region,37314737,1.29386,103.82652,12285,8311.33,-3973.67
330,330,159,223,0,f,Entire home/apt,3,3,0,242,Downtown Core,Central Region,36362495,1.28072,103.85373,3206.5,4497.17,1290.67
331,331,110,93,13,f,Private room,1,1,4,365,Bedok,East Region,23951500,1.30847,103.91096,3345.83,2828.75,-517.08
332,332,61,64,75,f,Private room,1,2,51,336,Kallang,Central Region,23169041,1.31388,103.85292,1708,1792,84
333,333,70,82,96,f,Private room,1,1,0,328,Outram,Central Region,37444884,1.2841,103.84253,1913.33,2241.33,328
334,334,100,100,100,f,Private room,2,2,0,129,Geylang,Central Region,52699373,1.3146,103.90173,1075,1075,0
335,335,54,77,0,f,Entire home/apt,1,0,0,365,Jurong West,West Region,45241943,1.33922,103.70657,1642.5,2342.08,699.58
336,336,100,240,65,f,Entire home/apt,1,1,3,328,Singapore River,Central Region,10032227,1.29301,103.8416,2733.33,6560,3826.67
337,337,350,304,30,f,Entire home/apt,2,2,0,364,River Valley,Central Region,45809564,1.29656,103.83717,10616.67,9221.33,-1395.34
338,338,177,161,90,f,Entire home/apt,1,1,1,241,Novena,Central Region,53196067,1.318528,103.847511,3554.75,3233.42,-321.33
339,339,214,320,50,t,Entire home/apt,3,4,22,0,Geylang,Central Region,43629592,1.31389,103.88913,0,0,0
340,340,111,187,84,t,Private room,0,1,10,348,Singapore River,Central Region,18199481,1.28915,103.84825,3219,5423,2204
341,341,141,141,89,t,Entire home/apt,1,1,4,335,Downtown Core,Central Region,29049813,1.27317,103.84584,3936.25,3936.25,0
342,342,53,82,0,f,Private room,1,3,6,89,Choa Chu Kang,West Region,11496278,1.39857,103.74785,393.08,608.17,215.09
343,343,950,535,41,f,Entire home/apt,3,4,1,362,Singapore River,Central Region,53408171,1.29521,103.83063,28658.33,16139.17,-12519.16
344,344,38,77,0,f,Private room,1,1,0,0,Clementi,West Region,21052132,1.32693,103.77244,0,0,0
345,345,170,283,30,f,Entire home/apt,1,1,0,364,Rochor,Central Region,42945867,1.30192,103.86152,5156.67,8584.33,3427.66
346,346,188,211,41,f,Entire home/apt,1,1,0,328,Queenstown,Central Region,49937277,1.2999,103.79909,5138.67,5767.33,628.66
347,347,65,76,100,t,Private room,1,2,12,158,Choa Chu Kang,West Region,40316461,1.39926,103.74614,855.83,1000.67,144.84
348,348,141,237,30,f,Entire home/apt,1,1,0,364,Marine Parade,Central Region,51586919,1.3072,103.89806,4277,7189,2912
349,349,55,104,41,f,Private room,1,1,0,76,Rochor,Central Region,23245969,1.30245,103.84828,348.33,658.67,310.34
350,350,255,358,30,f,Entire home/apt,3,3,0,364,Jurong East,West Region,46684451,1.33632,103.74319,7735,10859.33,3124.33
351,351,112,64,36,f,Private room,1,1,11,330,Geylang,Central Region,5464246,1.32812,103.88436,3080,1760,-1320
352,352,159,273,24,f,Entire home/apt,2,2,1,359,Novena,Central Region,45537007,1.32586,103.85371,4756.75,8167.25,3410.5
353,353,670,162,47,f,Entire home/apt,1,1,1,170,Downtown Core,Central Region,52518915,1.28153,103.85856,9491.67,2295,-7196.67
354,354,49,88,77,f,Private room,1,1,14,355,Bukit Merah,Central Region,324945,1.28828,103.8102,1449.58,2603.33,1153.75
355,355,233,267,0,f,Entire home/apt,3,4,9,357,Choa Chu Kang,West Region,6824319,1.37946,103.75945,6931.75,7943.25,1011.5
356,356,110,88,0,f,Private room,1,1,0,271,Tanglin,Central Region,30650792,1.29331,103.83018,2484.17,1987.33,-496.84
357,357,63,185,65,f,Hotel room,1,1,93,269,Outram,Central Region,1678755,1.28405,103.84424,1412.25,4147.08,2734.83
358,358,106,112,0,f,Private room,1,1,0,54,Marine Parade,Central Region,44323246,1.29817,103.89594,477,504,27
359,359,163,255,41,f,Entire home/apt,3,3,0,269,Marine Parade,Central Region,52605616,1.30565,103.89952,3653.92,5716.25,2062.33
360,360,450,461,57,f,Entire home/apt,3,6,0,363,Novena,Central Region,43143093,1.31709,103.84553,13612.5,13945.25,332.75
361,361,122,171,96,f,Entire home/apt,0,1,11,26,Queenstown,Central Region,38104971,1.2802,103.78598,264.33,370.5,106.17
362,362,258,174,93,t,Entire home/apt,1,1,56,0,Novena,Central Region,39641568,1.31932,103.84659,0,0,0
363,363,95,102,0,f,Private room,1,1,0,358,Downtown Core,Central Region,44606643,1.3003,103.85754,2834.17,3043,208.83
364,364,155,171,71,f,Entire home/apt,1,1,2,360,Bukit Merah,Central Region,40809447,1.27533,103.83392,4650,5130,480
365,365,59,58,97,f,Private room,1,1,3,0,Kallang,Central Region,7888339,1.30869,103.86345,0,0,0
366,366,59,58,91,t,Private room,1,1,2,0,Kallang,Central Region,34076777,1.31068,103.86118,0,0,0
367,367,140,143,88,t,Entire home/apt,0,1,0,328,Novena,Central Region,53166174,1.31921,103.84676,3826.67,3908.67,82
368,368,130,81,80,f,Private room,1,1,2,0,Bukit Merah,Central Region,30238429,1.28127,103.80367,0,0,0
369,369,59,58,97,f,Private room,1,1,2,0,Kallang,Central Region,30966211,1.30821,103.86284,0,0,0
370,370,65,72,0,f,Private room,1,4,0,86,Woodlands,North Region,29880877,1.43448,103.77725,465.83,516,50.17
371,371,97,224,67,f,Hotel room,1,1,0,341,Queenstown,Central Region,28657973,1.27947,103.78634,2756.42,6365.33,3608.91
372,372,69,90,20,f,Private room,1,1,0,365,Geylang,Central Region,6620271,1.31697,103.89104,2098.75,2737.5,638.75
373,373,90,98,0,f,Private room,1,1,0,365,Downtown Core,Central Region,22329509,1.28206,103.8538,2737.5,2980.83,243.33
374,374,39,54,96,f,Private room,1,1,1,328,Geylang,Central Region,34964444,1.3147,103.88163,1066,1476,410
375,375,979,329,100,t,Entire home/apt,2,2,0,359,Orchard,Central Region,22990388,1.30253,103.84111,29288.42,9842.58,-19445.84
376,376,165,232,41,f,Entire home/apt,1,1,0,364,Kallang,Central Region,42259371,1.30322,103.86345,5005,7037.33,2032.33
377,377,48,67,65,f,Private room,1,1,1,0,Jurong West,West Region,27603657,1.34938,103.71019,0,0,0
378,378,150,93,88,t,Private room,1,1,1,270,Bedok,East Region,43355016,1.3243,103.91535,3375,2092.5,-1282.5
379,379,165,193,30,f,Entire home/apt,1,1,0,364,Downtown Core,Central Region,42886241,1.2733,103.84407,5005,5854.33,849.33
380,380,35,77,0,f,Private room,0,1,0,58,Ang Mo Kio,North-East Region,21676059,1.36906,103.84753,169.17,372.17,203
381,381,111,99,0,f,Shared room,1,3,0,133,Rochor,Central Region,45533359,1.30629,103.8553,1230.25,1097.25,-133
382,382,140,116,84,t,Private room,1,1,50,350,Downtown Core,Central Region,17928273,1.28918,103.84934,4083.33,3383.33,-700
383,383,49,83,0,f,Private room,1,1,215,199,Sengkang,North-East Region,10598600,1.39829,103.89776,812.58,1376.42,563.84
384,384,59,64,33,f,Shared room,1,1,0,328,Kallang,Central Region,12367758,1.31005,103.85829,1612.67,1749.33,136.66
385,385,188,81,0,f,Private room,1,1,0,365,Jurong West,West Region,37538230,1.34193,103.71764,5718.33,2463.75,-3254.58
386,386,151,176,30,f,Entire home/apt,1,1,0,342,Bukit Merah,Central Region,35850942,1.2876,103.82653,4303.5,5016,712.5
387,387,89,85,0,f,Private room,1,1,14,332,Novena,Central Region,4087935,1.31546,103.84117,2462.33,2351.67,-110.66
388,388,215,432,31,f,Entire home/apt,3,3,0,364,Novena,Central Region,42992160,1.32805,103.84948,6521.67,13104,6582.33
389,389,75,67,50,f,Private room,1,1,0,339,Clementi,West Region,40831251,1.31806,103.7621,2118.75,1892.75,-226
390,390,96,90,13,f,Private room,1,1,25,360,Bedok,East Region,24000873,1.30978,103.9108,2880,2700,-180
391,391,177,187,90,f,Entire home/apt,1,1,0,346,Novena,Central Region,53374606,1.318528,103.847511,5103.5,5391.83,288.33
392,392,369,311,71,f,Entire home/apt,4,4,4,302,Clementi,West Region,15724789,1.31039,103.76007,9286.5,7826.83,-1459.67
393,393,100,101,7,f,Entire home/apt,1,0,0,365,Hougang,North-East Region,46224707,1.36187,103.88205,3041.67,3072.08,30.41
394,394,147,171,96,f,Entire home/apt,0,1,8,78,Outram,Central Region,44044776,1.28215,103.84701,955.5,1111.5,156
395,395,49,59,81,f,Private room,1,1,2,0,Kallang,Central Region,22345943,1.30736,103.86222,0,0,0
396,396,85,72,65,f,Shared room,1,2,16,84,River Valley,Central Region,25815030,1.2958,103.83642,595,504,-91
397,397,967,250,73,t,Entire home/apt,2,2,1,138,Downtown Core,Central Region,51564284,1.2798,103.85323,11120.5,2875,-8245.5
398,398,380,427,80,f,Entire home/apt,2,3,0,363,Novena,Central Region,43744518,1.31724,103.84514,11495,12916.75,1421.75
399,399,74,99,0,f,Shared room,1,2,0,133,Rochor,Central Region,45533430,1.30735,103.85541,820.17,1097.25,277.08
400,400,25,62,0,f,Shared room,1,6,14,328,Rochor,Central Region,34632139,1.30535,103.85345,683.33,1694.67,1011.34
401,401,180,233,0,f,Entire home/apt,2,3,9,23,Queenstown,Central Region,7162659,1.30423,103.784,345,446.58,101.58
402,402,161,143,88,t,Entire home/apt,0,1,0,331,Novena,Central Region,53633752,1.318524,103.847511,4440.92,3944.42,-496.5
403,403,630,345,100,f,Entire home/apt,2,3,0,152,Orchard,Central Region,45961316,1.30056,103.84139,7980,4370,-3610
404,404,680,297,0,f,Entire home/apt,4,4,0,358,Downtown Core,Central Region,14213091,1.27526,103.84462,20286.67,8860.5,-11426.17
405,405,150,70,0,f,Private room,1,1,0,0,Woodlands,North Region,22317980,1.43237,103.78645,0,0,0
406,406,230,162,71,f,Entire home/apt,1,1,2,261,Queenstown,Central Region,21791154,1.29159,103.80634,5002.5,3523.5,-1479
407,407,204,113,100,f,Private room,1,1,0,365,Sembawang,North Region,9875315,1.43873,103.82344,6205,3437.08,-2767.92
408,408,48,96,65,f,Private room,1,1,58,365,Tampines,East Region,344803,1.34917,103.9609,1460,2920,1460
409,409,145,232,30,f,Entire home/apt,1,1,0,364,Kallang,Central Region,43063719,1.31276,103.85804,4398.33,7037.33,2639
410,410,60,97,65,f,Private room,1,1,3,358,Tampines,East Region,14099732,1.32683,103.95444,1790,2893.83,1103.83
411,411,41,152,100,f,Shared room,1,46,0,261,Rochor,Central Region,40849480,1.30129,103.86056,891.75,3306,2414.25
412,412,80,223,100,f,Entire home/apt,1,1,0,126,Geylang,Central Region,52750968,1.31465,103.90132,840,2341.5,1501.5
413,413,200,175,63,t,Entire home/apt,1,1,3,363,Bukit Merah,Central Region,39689162,1.2758,103.84006,6050,5293.75,-756.25
414,414,500,504,30,f,Entire home/apt,2,4,0,364,Tanglin,Central Region,38835146,1.3124,103.82537,15166.67,15288,121.33
415,415,65,58,100,t,Private room,1,1,50,64,Jurong West,West Region,13286282,1.34373,103.72095,346.67,309.33,-37.34
416,416,69,82,81,f,Private room,1,1,0,328,Outram,Central Region,17929480,1.28336,103.84139,1886,2241.33,355.33
417,417,59,55,91,t,Private room,1,1,1,328,Kallang,Central Region,36167207,1.31263,103.85806,1612.67,1503.33,-109.34
418,418,59,55,96,f,Private room,1,1,1,328,Kallang,Central Region,30776617,1.3096,103.86251,1612.67,1503.33,-109.34
419,419,186,297,100,f,Private room,0,2,0,365,Outram,Central Region,44420536,1.28263,103.84572,5657.5,9033.75,3376.25
420,420,60,79,0,f,Private room,1,1,0,0,Hougang,North-East Region,41169873,1.35303,103.88224,0,0,0
421,421,121,111,100,f,Private room,1,1,1,364,Sembawang,North Region,16650721,1.44154,103.82184,3670.33,3367,-303.33
422,422,169,130,84,t,Entire home/apt,1,1,0,206,Novena,Central Region,53260515,1.31954,103.84712,2901.17,2231.67,-669.5
423,423,180,159,0,f,Entire home/apt,1,1,0,328,Downtown Core,Central Region,44479128,1.28181,103.85186,4920,4346,-574
424,424,37,63,65,f,Private room,1,1,30,179,Ang Mo Kio,North-East Region,10996427,1.39129,103.85596,551.92,939.75,387.83
425,425,188,211,41,f,Entire home/apt,1,1,0,328,Queenstown,Central Region,51338514,1.29509,103.80579,5138.67,5767.33,628.66
426,426,130,90,88,t,Private room,1,1,4,347,Bedok,East Region,16150642,1.31703,103.91242,3759.17,2602.5,-1156.67
427,427,157,182,90,f,Entire home/apt,1,2,1,328,Novena,Central Region,53281701,1.318528,103.847511,4291.33,4974.67,683.34
428,428,111,99,0,f,Shared room,1,3,0,133,Rochor,Central Region,45533686,1.30704,103.85544,1230.25,1097.25,-133
429,429,140,91,84,t,Private room,1,1,2,240,Bedok,East Region,43359426,1.32412,103.91374,2800,1820,-980
430,430,210,432,31,f,Entire home/apt,3,3,0,364,Novena,Central Region,38416386,1.32781,103.84838,6370,13104,6734
431,431,181,193,41,f,Entire home/apt,1,1,0,364,Downtown Core,Central Region,37958355,1.27384,103.84411,5490.33,5854.33,364
432,432,400,142,65,f,Private room,1,1,1,0,Downtown Core,Central Region,19184003,1.27474,103.84451,0,0,0
433,433,189,180,89,t,Entire home/apt,2,2,2,0,Downtown Core,Central Region,33953077,1.27527,103.8454,0,0,0
434,434,256,308,71,f,Entire home/apt,2,2,2,359,Queenstown,Central Region,15796599,1.29046,103.80626,7658.67,9214.33,1555.66
435,435,96,123,89,t,Entire home/apt,0,1,2,0,Kallang,Central Region,38496138,1.30284,103.8634,0,0,0
436,436,430,277,41,f,Entire home/apt,1,1,0,364,Orchard,Central Region,53745162,1.300711598,103.8402986,13043.33,8402.33,-4641
437,437,59,56,81,f,Private room,1,1,2,333,Kallang,Central Region,17766467,1.30957,103.86134,1637.25,1554,-83.25
438,438,235,73,65,f,Private room,1,0,10,351,Bukit Batok,West Region,22577896,1.34162,103.76086,6873.75,2135.25,-4738.5
439,439,75,101,0,f,Private room,1,2,0,0,Geylang,Central Region,47893438,1.32478,103.90492,0,0,0
440,440,75,83,20,f,Private room,1,1,0,169,Geylang,Central Region,6750089,1.31665,103.89108,1056.25,1168.92,112.67
441,441,230,139,0,f,Entire home/apt,2,3,0,0,Bedok,East Region,18283249,1.30785,103.93181,0,0,0
442,442,260,205,65,f,Hotel room,1,1,4,359,Outram,Central Region,29525299,1.28211,103.84364,7778.33,6132.92,-1645.41
443,443,127,105,65,t,Private room,1,2,2,169,Rochor,Central Region,48265411,1.30198,103.85033,1788.58,1478.75,-309.83
444,444,103,132,89,t,Entire home/apt,0,1,0,0,Rochor,Central Region,36858565,1.30252,103.86128,0,0,0
445,445,225,34,38,f,Hotel room,1,10,18,0,Kallang,Central Region,16213115,1.31114,103.86054,0,0,0
446,446,200,91,65,f,Private room,1,1,6,90,Serangoon,North-East Region,15687109,1.37451,103.87284,1500,682.5,-817.5
447,447,54,55,81,f,Private room,1,1,1,328,Kallang,Central Region,21928795,1.31183,103.8588,1476,1503.33,27.33
448,448,58,99,100,f,Private room,1,0,188,365,Outram,Central Region,9635192,1.2832,103.84217,1764.17,3011.25,1247.08
449,449,550,565,41,f,Entire home/apt,3,4,0,364,Singapore River,Central Region,37646663,1.29298,103.84194,16683.33,17138.33,455
450,450,169,177,0,f,Entire home/apt,1,1,0,355,Novena,Central Region,50979516,1.32596,103.84559,4999.58,5236.25,236.67
451,451,256,252,71,f,Entire home/apt,2,2,1,359,Bukit Merah,Central Region,40734196,1.29156,103.80877,7658.67,7539,-119.67
452,452,130,177,86,f,Hotel room,0,1,3,181,Orchard,Central Region,23380199,1.29882,103.83807,1960.83,2669.75,708.92
453,453,204,239,65,f,Entire home/apt,3,3,8,0,Bukit Merah,Central Region,32317824,1.28427,103.83279,0,0,0
454,454,155,104,0,f,Private room,1,1,1,88,Rochor,Central Region,41536934,1.30269,103.84654,1136.67,762.67,-374
455,455,200,193,31,f,Entire home/apt,1,1,0,364,Downtown Core,Central Region,45167077,1.27901,103.84844,6066.67,5854.33,-212.34
456,456,345,308,30,f,Entire home/apt,2,2,2,358,Novena,Central Region,25985995,1.31505,103.84257,10292.5,9188.67,-1103.83
457,457,116,95,65,t,Private room,1,2,164,137,Rochor,Central Region,11381088,1.30092,103.85049,1324.33,1084.58,-239.75
458,458,135,135,99,t,Private room,0,1,1,80,Downtown Core,Central Region,38136195,1.29722,103.85346,900,900,0
459,459,269,137,33,f,Private room,1,8,3,365,Geylang,Central Region,41033173,1.31586,103.88265,8182.08,4167.08,-4015
460,460,160,156,88,t,Entire home/apt,0,1,0,346,Novena,Central Region,53175628,1.31781,103.84852,4613.33,4498,-115.33
461,461,140,85,100,f,Private room,1,2,0,179,Bukit Batok,West Region,44294078,1.35814,103.76357,2088.33,1267.92,-820.41
462,462,40,87,0,f,Private room,2,1,1,0,Jurong West,West Region,37141391,1.33835,103.70369,0,0,0
463,463,177,164,84,t,Private room,0,1,3,349,Downtown Core,Central Region,49863259,1.29553,103.85412,5147.75,4769.67,-378.08
464,464,577,473,30,f,Entire home/apt,2,3,0,362,River Valley,Central Region,29725544,1.29283,103.8408,17406.17,14268.83,-3137.34
465,465,346,222,100,f,Entire home/apt,2,3,0,0,Hougang,North-East Region,46057791,1.37499,103.87899,0,0,0
466,466,83,83,70,t,Entire home/apt,1,1,60,62,Geylang,Central Region,6381495,1.31614,103.88686,428.83,428.83,0
467,467,159,151,100,f,Private room,2,3,0,365,Marine Parade,Central Region,53503028,1.311090651,103.9070525,4836.25,4592.92,-243.33
468,468,119,114,70,f,Private room,1,1,72,358,Downtown Core,Central Region,747813,1.27663,103.84498,3550.17,3401,-149.17
469,469,144,138,89,t,Entire home/apt,1,0,0,0,Outram,Central Region,42210964,1.28037,103.84687,0,0,0
470,470,151,104,65,f,Hotel room,1,3,5,0,Outram,Central Region,19847774,1.28359,103.84625,0,0,0
471,471,97,103,18,f,Private room,1,1,0,358,Downtown Core,Central Region,51253790,1.28031,103.8519,2893.83,3072.83,179
472,472,60,61,72,t,Private room,1,1,3,156,Kallang,Central Region,39488323,1.31592,103.85406,780,793,13
473,473,140,133,0,f,Private room,0,1,0,365,Bedok,East Region,22329702,1.32357,103.9133,4258.33,4045.42,-212.91
474,474,54,70,65,f,Private room,1,1,29,144,Choa Chu Kang,West Region,2095865,1.38799,103.74461,648,840,192
475,475,70,96,0,f,Private room,1,0,0,362,Geylang,Central Region,40384948,1.31399,103.89803,2111.67,2896,784.33
476,476,55,69,100,f,Private room,0,2,52,86,Bedok,East Region,24863189,1.31511,103.92026,394.17,494.5,100.33
477,477,198,198,7,f,Entire home/apt,2,5,0,178,Geylang,Central Region,43025512,1.31428,103.87743,2937,2937,0
478,478,128,88,99,f,Private room,1,2,45,287,River Valley,Central Region,32837771,1.29686,103.83835,3061.33,2104.67,-956.66
479,479,194,153,100,f,Entire home/apt,2,2,1,270,Bishan,Central Region,23604711,1.35791,103.82841,4365,3442.5,-922.5
480,480,19,71,0,f,Shared room,1,1,9,80,Queenstown,Central Region,17805144,1.2926,103.76837,126.67,473.33,346.66
481,481,130,163,0,f,Entire home/apt,1,1,0,365,Kallang,Central Region,28038349,1.31512,103.86098,3954.17,4957.92,1003.75
482,482,425,287,30,f,Entire home/apt,1,1,0,364,River Valley,Central Region,42946035,1.30111,103.82859,12891.67,8705.67,-4186
483,483,96,108,13,f,Private room,1,2,11,363,Bedok,East Region,23999593,1.30975,103.91132,2904,3267,363
484,484,96,85,99,f,Private room,1,1,0,286,River Valley,Central Region,49340811,1.29437,103.83943,2288,2025.83,-262.17
485,485,127,209,11,f,Entire home/apt,1,2,3,361,Novena,Central Region,20016671,1.32449,103.84315,3820.58,6287.42,2466.84
486,486,35,92,0,f,Private room,1,1,0,180,Geylang,Central Region,33102270,1.31499,103.90373,525,1380,855
487,487,68,78,41,f,Private room,0,1,0,90,Rochor,Central Region,31294821,1.30178,103.84905,510,585,75
488,488,162,178,96,f,Entire home/apt,0,1,1,333,River Valley,Central Region,53717759,1.294686685,103.8403323,4495.5,4939.5,444
489,489,309,214,0,f,Private room,0,1,0,320,Rochor,Central Region,45773723,1.30603,103.8507,8240,5706.67,-2533.33
490,490,63,105,0,f,Shared room,1,1,0,0,Singapore River,Central Region,24787083,1.28726,103.84777,0,0,0
491,491,49,67,0,f,Private room,1,1,2,241,Clementi,West Region,18286281,1.29454,103.76795,984.08,1345.58,361.5
492,492,80,84,100,f,Private room,1,1,10,347,Bedok,East Region,13472462,1.32081,103.92188,2313.33,2429,115.67
493,493,43,55,97,f,Private room,1,1,1,328,Kallang,Central Region,27125463,1.31128,103.86182,1175.33,1503.33,328
494,494,190,165,41,f,Entire home/apt,1,1,0,267,Bukit Merah,Central Region,52136874,1.29078,103.81789,4227.5,3671.25,-556.25
495,495,151,236,41,f,Entire home/apt,1,1,0,364,Marine Parade,Central Region,51593286,1.30567,103.89778,4580.33,7158.67,2578.34
496,496,500,53,0,f,Private room,1,1,0,365,Yishun,North Region,13615155,1.40644,103.83355,15208.33,1612.08,-13596.25
497,497,119,116,70,f,Private room,1,1,4,354,Downtown Core,Central Region,26791337,1.27452,103.84497,3510.5,3422,-88.5
498,498,84,102,0,t,Private room,1,1,18,0,Marine Parade,Central Region,43393378,1.30748,103.90001,0,0,0
499,499,49,58,96,f,Private room,1,1,1,0,Kallang,Central Region,38910295,1.31068,103.86118,0,0,0
500,500,380,425,57,f,Entire home/apt,2,3,0,363,Novena,Central Region,43452908,1.3186,103.84377,11495,12856.25,1361.25
501,501,365,122,65,f,Hotel room,1,1,10,0,Downtown Core,Central Region,26370803,1.27922,103.84879,0,0,0
502,502,305,282,30,f,Entire home/apt,1,1,0,364,Singapore River,Central Region,52505236,1.28776,103.84406,9251.67,8554,-697.67
503,503,200,263,41,f,Entire home/apt,2,2,0,364,Bishan,Central Region,51548417,1.34837,103.8536,6066.67,7977.67,1911
504,504,88,91,84,f,Entire home/apt,1,1,2,82,Geylang,Central Region,34943409,1.31336,103.88609,601.33,621.83,20.5
505,505,73,83,84,f,Entire home/apt,0,1,16,90,Geylang,Central Region,13132703,1.31377,103.88623,547.5,622.5,75
506,506,290,98,0,f,Shared room,1,2,0,0,Sungei Kadut,North Region,23964810,1.40683,103.75585,0,0,0
507,507,201,275,31,f,Entire home/apt,2,2,1,364,Bishan,Central Region,41940620,1.35297,103.85176,6097,8341.67,2244.67
508,508,110,102,89,t,Entire home/apt,1,1,21,135,Marine Parade,Central Region,18484277,1.30587,103.89771,1237.5,1147.5,-90
509,509,82,66,100,f,Private room,1,1,0,359,Kallang,Central Region,47295571,1.3145,103.84687,2453.17,1974.5,-478.67
510,510,256,368,30,f,Entire home/apt,3,3,0,360,Clementi,West Region,46388294,1.31455,103.7583,7680,11040,3360
511,511,165,254,41,f,Entire home/apt,1,1,0,364,Outram,Central Region,22760803,1.27575,103.84442,5005,7704.67,2699.67
512,512,120,86,0,f,Private room,1,1,10,180,Sengkang,North-East Region,36570785,1.39158,103.89581,1800,1290,-510
513,513,191,174,65,f,Entire home/apt,2,2,1,0,Bukit Merah,Central Region,32318162,1.28153,103.83024,0,0,0
514,514,155,170,99,t,Entire home/apt,1,1,2,59,Rochor,Central Region,40736423,1.29919,103.8537,762.08,835.83,73.75
515,515,251,218,2,f,Entire home/apt,1,2,0,359,Kallang,Central Region,21658483,1.31263,103.8587,7509.08,6521.83,-987.25
516,516,60,93,0,f,Private room,1,1,0,0,Bedok,East Region,31683485,1.32998,103.94813,0,0,0
517,517,135,134,89,t,Entire home/apt,0,0,1,0,Novena,Central Region,47927520,1.31911,103.84695,0,0,0
518,518,69,95,91,t,Private room,1,1,1,359,Outram,Central Region,4863317,1.28511,103.84249,2064.25,2842.08,777.83
519,519,38,54,91,t,Private room,1,1,1,329,Geylang,Central Region,30234271,1.31473,103.8816,1041.83,1480.5,438.67
520,520,177,183,90,f,Entire home/apt,1,1,0,302,Novena,Central Region,53318261,1.318528,103.847511,4454.5,4605.5,151
521,521,250,346,31,f,Entire home/apt,2,1,0,364,Newton,Central Region,43503194,1.30311,103.83955,7583.33,10495.33,2912
522,522,135,109,100,f,Private room,1,1,9,364,Sembawang,North Region,6603464,1.44167,103.82376,4095,3306.33,-788.67
523,523,60,144,41,f,Private room,0,1,0,364,Geylang,Central Region,45109853,1.31591,103.88235,1820,4368,2548
524,524,471,310,30,f,Entire home/apt,2,2,3,364,Bukit Merah,Central Region,31726026,1.29087,103.83172,14287,9403.33,-4883.67
525,525,198,114,99,f,Private room,1,1,120,363,Downtown Core,Central Region,42079535,1.29795,103.85562,5989.5,3448.5,-2541
526,526,124,133,89,t,Entire home/apt,1,1,2,187,Rochor,Central Region,36855972,1.30326,103.86108,1932.33,2072.58,140.25
527,527,292,338,30,f,Entire home/apt,2,2,0,332,Singapore River,Central Region,53838912,1.291157129,103.840678,8078.67,9351.33,1272.66
528,528,209,87,100,t,Private room,1,1,18,350,Bukit Merah,Central Region,37999599,1.27427,103.84092,6095.83,2537.5,-3558.33
529,529,425,232,41,f,Entire home/apt,1,1,0,364,Kallang,Central Region,33085177,1.29872,103.86055,12891.67,7037.33,-5854.34
530,530,360,229,30,f,Entire home/apt,0,1,1,364,River Valley,Central Region,53317236,1.30179,103.82864,10920,6946.33,-3973.67
531,531,165,154,96,f,Hotel room,1,2,9,121,Rochor,Central Region,38916143,1.30342,103.85841,1663.75,1552.83,-110.92
532,532,545,282,100,f,Entire home/apt,2,2,10,71,Rochor,Central Region,47211647,1.30068,103.84602,3224.58,1668.5,-1556.08
533,533,76,105,100,f,Private room,1,1,1,355,Rochor,Central Region,28998072,1.30065,103.85962,2248.33,3106.25,857.92
534,534,45,147,0,f,Entire home/apt,1,0,0,365,Geylang,Central Region,43597020,1.31256,103.88134,1368.75,4471.25,3102.5
535,535,231,155,100,t,Private room,0,1,7,362,Outram,Central Region,47945986,1.27933,103.8434,6968.5,4675.83,-2292.67
536,536,38,56,65,f,Shared room,1,8,5,55,Rochor,Central Region,11262375,1.30424,103.84876,174.17,256.67,82.5
537,537,69,95,97,f,Private room,1,1,2,359,Outram,Central Region,765579,1.2841,103.84253,2064.25,2842.08,777.83
538,538,69,95,97,f,Private room,1,1,4,359,Outram,Central Region,1244654,1.2838,103.84265,2064.25,2842.08,777.83
539,539,61,66,59,t,Private room,1,1,26,358,Jurong West,West Region,42696868,1.34552,103.70525,1819.83,1969,149.17
540,540,41,60,81,f,Private room,1,1,1,359,Geylang,Central Region,20003123,1.31661,103.88305,1226.58,1795,568.42
541,541,120,102,41,f,Private room,1,1,0,364,Novena,Central Region,45149158,1.31324,103.84037,3640,3094,-546
542,542,323,172,24,f,Entire home/apt,1,1,1,365,Kallang,Central Region,43956550,1.31623,103.85417,9824.58,5231.67,-4592.91
543,543,162,126,100,f,Private room,0,3,0,0,Singapore River,Central Region,46753244,1.28708,103.84827,0,0,0
544,544,120,135,84,t,Entire home/apt,1,1,11,365,Outram,Central Region,18759060,1.27952,103.84382,3650,4106.25,456.25
545,545,47,65,38,f,Hotel room,1,2,24,0,Kallang,Central Region,10020690,1.31117,103.86066,0,0,0
546,546,27,42,50,f,Hotel room,1,10,1,300,Outram,Central Region,20181944,1.283,103.84484,675,1050,375
547,547,190,244,41,f,Entire home/apt,1,1,0,347,River Valley,Central Region,51337824,1.2983,103.83294,5494.17,7055.67,1561.5
548,548,234,195,31,f,Entire home/apt,1,1,0,364,Bukit Merah,Central Region,40712481,1.27407,103.83426,7098,5915,-1183
549,549,49,60,91,t,Private room,1,1,0,0,Kallang,Central Region,34930444,1.31006,103.86226,0,0,0
550,550,70,104,4,t,Entire home/apt,0,1,12,336,Kallang,Central Region,5253599,1.3171,103.85742,1960,2912,952
551,551,89,88,97,f,Private room,1,1,66,354,Bukit Timah,Central Region,7733844,1.31621,103.78059,2625.5,2596,-29.5
552,552,155,111,13,f,Private room,1,1,0,181,Rochor,Central Region,37982840,1.30422,103.85366,2337.92,1674.25,-663.67
553,553,70,81,84,f,Entire home/apt,1,1,83,90,Geylang,Central Region,7662310,1.31507,103.88751,525,607.5,82.5
554,554,180,450,65,f,Entire home/apt,3,4,190,358,Geylang,Central Region,8200542,1.31334,103.89381,5370,13425,8055
555,555,119,257,100,f,Private room,0,0,2,365,Ang Mo Kio,North-East Region,39218665,1.38552,103.84269,3619.58,7817.08,4197.5
556,556,199,111,77,f,Private room,1,4,0,364,Queenstown,Central Region,41889066,1.2823,103.78702,6036.33,3367,-2669.33
557,557,328,248,23,f,Entire home/apt,2,1,23,25,Downtown Core,Central Region,26217724,1.28033,103.84893,683.33,516.67,-166.66
558,558,49,58,97,f,Private room,1,1,3,0,Kallang,Central Region,41323209,1.31006,103.86192,0,0,0
559,559,155,191,31,f,Entire home/apt,1,1,0,265,Queenstown,Central Region,42464820,1.29535,103.80473,3422.92,4217.92,795
560,560,59,54,36,t,Shared room,1,2,4,344,Kallang,Central Region,9738917,1.31324,103.85954,1691.33,1548,-143.33
561,561,59,84,81,f,Private room,1,1,2,329,Outram,Central Region,22590845,1.28379,103.84375,1617.58,2303,685.42
562,562,161,155,25,f,Entire home/apt,1,1,0,185,Queenstown,Central Region,53725914,1.303499466,103.7889113,2482.08,2389.58,-92.5
563,563,106,142,65,t,Entire home/apt,1,1,5,178,Kallang,Central Region,4441346,1.29997,103.88536,1572.33,2106.33,534
564,564,149,99,0,f,Shared room,1,4,0,133,Rochor,Central Region,44713582,1.30671,103.85633,1651.42,1097.25,-554.17
565,565,46,55,96,f,Private room,1,1,1,328,Kallang,Central Region,30543386,1.30887,103.86335,1257.33,1503.33,246
566,566,118,732,100,f,Private room,0,1,0,365,Downtown Core,Central Region,50255816,1.28237,103.85227,3589.17,22265,18675.83
567,567,66,84,0,f,Private room,1,1,165,330,Newton,Central Region,369145,1.31129,103.83788,1815,2310,495
568,568,51,51,0,f,Shared room,1,10,8,328,Rochor,Central Region,34236667,1.3055,103.85357,1394,1394,0
569,569,124,260,0,f,Entire home/apt,2,5,0,359,Bedok,East Region,50734362,1.32162,103.92719,3709.67,7778.33,4068.66
570,570,39,56,97,f,Private room,1,1,0,328,Geylang,Central Region,34909010,1.3147,103.88163,1066,1530.67,464.67
571,571,79,81,0,f,Shared room,1,1,26,328,Downtown Core,Central Region,9055103,1.28775,103.85017,2159.33,2214,54.67
572,572,550,518,41,f,Entire home/apt,2,3,1,364,Singapore River,Central Region,39406409,1.28772,103.844,16683.33,15712.67,-970.66
573,573,688,278,64,f,Entire home/apt,3,3,4,173,Newton,Central Region,38889119,1.30495,103.83528,9918.67,4007.83,-5910.84
574,574,415,326,100,f,Entire home/apt,2,3,0,320,Rochor,Central Region,42555640,1.3014,103.85001,11066.67,8693.33,-2373.34
575,575,140,87,0,f,Private room,1,1,0,90,Sengkang,North-East Region,35216924,1.37999,103.9,1050,652.5,-397.5
576,576,175,150,0,f,Entire home/apt,1,1,8,84,Bukit Timah,Central Region,4021128,1.3205,103.79424,1225,1050,-175
577,577,75,79,65,f,Private room,1,1,13,85,Bedok,East Region,31095224,1.32076,103.91427,531.25,559.58,28.33
578,578,49,58,91,t,Private room,1,1,3,0,Kallang,Central Region,38935611,1.3119,103.86136,0,0,0
579,579,496,373,91,t,Entire home/apt,2,3,10,141,Orchard,Central Region,20096441,1.3022,103.83398,5828,4382.75,-1445.25
580,580,110,81,0,f,Private room,1,1,0,91,Kallang,Central Region,31807637,1.31158,103.85827,834.17,614.25,-219.92
581,581,80,103,0,f,Shared room,1,1,0,365,Pasir Ris,East Region,15430456,1.35563,103.96517,2433.33,3132.92,699.59
582,582,165,155,100,t,Entire home/apt,1,2,45,317,Rochor,Central Region,34526007,1.3111,103.85401,4358.75,4094.58,-264.17
583,583,200,197,0,f,Entire home/apt,2,2,0,178,Newton,Central Region,36490863,1.30751,103.83773,2966.67,2922.17,-44.5
584,584,145,96,50,f,Private room,1,7,15,116,Kallang,Central Region,9268680,1.31106,103.87212,1401.67,928,-473.67
585,585,738,255,100,f,Entire home/apt,1,1,0,226,Kallang,Central Region,39119415,1.29914,103.86103,13899,4802.5,-9096.5
586,586,250,319,31,f,Entire home/apt,2,2,3,363,Queenstown,Central Region,34052336,1.29191,103.80647,7562.5,9649.75,2087.25
587,587,49,55,96,f,Private room,1,1,1,333,Kallang,Central Region,42190445,1.31161,103.86259,1359.75,1526.25,166.5
588,588,425,424,30,f,Entire home/apt,3,4,0,364,Clementi,West Region,40856084,1.30262,103.76654,12891.67,12861.33,-30.34
589,589,90,120,50,f,Private room,3,2,0,329,Rochor,Central Region,24787313,1.30957,103.85143,2467.5,3290,822.5
590,590,176,199,31,f,Entire home/apt,1,2,0,364,Geylang,Central Region,43795151,1.32005,103.88083,5338.67,6036.33,697.66
591,591,50,79,100,f,Shared room,1,1,0,328,Rochor,Central Region,46754912,1.3077,103.85037,1366.67,2159.33,792.66
592,592,111,150,91,f,Hotel room,1,1,36,115,Outram,Central Region,34071837,1.28152,103.84492,1063.75,1437.5,373.75
593,593,165,97,91,f,Private room,1,1,0,359,Outram,Central Region,48743492,1.28207,103.84271,4936.25,2901.92,-2034.33
594,594,228,193,7,f,Entire home/apt,2,2,0,181,Novena,Central Region,40907051,1.32146,103.85283,3439,2911.08,-527.92
595,595,48,87,100,f,Shared room,1,3,50,0,Yishun,North Region,27513348,1.41707,103.84219,0,0,0
596,596,122,129,89,t,Entire home/apt,0,1,1,136,Downtown Core,Central Region,30354713,1.27485,103.84718,1382.67,1462,79.33
597,597,49,55,91,t,Private room,1,1,2,333,Kallang,Central Region,39488084,1.30973,103.86054,1359.75,1526.25,166.5
598,598,128,184,0,t,Entire home/apt,1,6,9,44,Bedok,East Region,4586160,1.31395,103.93474,469.33,674.67,205.34
599,599,185,205,30,f,Entire home/apt,2,2,0,261,Bukit Timah,Central Region,42677059,1.32149,103.81035,4023.75,4458.75,435
600,600,78,134,100,f,Private room,0,1,1,87,Hougang,North-East Region,32351804,1.37461,103.9027,565.5,971.5,406
601,601,64,65,65,f,Private room,1,1,210,0,Geylang,Central Region,4360902,1.31161,103.88124,0,0,0
602,602,260,237,30,f,Entire home/apt,1,1,0,364,Marine Parade,Central Region,53884012,1.300166103,103.8860043,7886.67,7189,-697.67
603,603,175,195,31,f,Entire home/apt,1,1,0,364,Bukit Merah,Central Region,35477254,1.28549,103.83389,5308.33,5915,606.67
604,604,88,108,80,t,Private room,1,0,1,326,Downtown Core,Central Region,48098802,1.28172,103.85342,2390.67,2934,543.33
605,605,152,106,0,f,Private room,1,1,0,90,Novena,Central Region,16225193,1.31246,103.8406,1140,795,-345
606,606,1123,203,6,f,Entire home/apt,1,1,0,364,Kallang,Central Region,29545454,1.31305,103.85361,34064.33,6157.67,-27906.66
607,607,148,84,40,t,Private room,1,1,6,360,Bukit Timah,Central Region,26849028,1.3128,103.79646,4440,2520,-1920
608,608,138,135,89,t,Entire home/apt,1,1,2,126,Downtown Core,Central Region,32194580,1.2734,103.8442,1449,1417.5,-31.5
609,609,100,79,0,f,Private room,1,1,0,0,Jurong West,West Region,13540021,1.33906,103.70071,0,0,0
610,610,290,146,50,f,Entire home/apt,1,5,41,179,Geylang,Central Region,32320934,1.31026,103.8822,4325.83,2177.83,-2148
611,611,290,204,100,t,Entire home/apt,1,1,15,94,Tanglin,Central Region,34727793,1.316709392,103.8261482,2271.67,1598,-673.67
612,612,96,127,89,t,Entire home/apt,0,1,3,334,Kallang,Central Region,36855460,1.30286,103.86332,2672,3534.83,862.83
613,613,455,412,31,f,Entire home/apt,4,4,0,364,Clementi,West Region,40605925,1.31094,103.76303,13801.67,12497.33,-1304.34
614,614,189,180,89,t,Entire home/apt,2,2,2,79,Downtown Core,Central Region,30165301,1.27492,103.84396,1244.25,1185,-59.25
615,615,210,513,41,f,Entire home/apt,2,3,0,364,Orchard,Central Region,43709414,1.30011,103.83613,6370,15561,9191
616,616,443,205,65,f,Hotel room,1,1,2,359,Outram,Central Region,29525240,1.28412,103.84396,13253.08,6132.92,-7120.16
617,617,340,57,65,f,Shared room,1,4,1,0,Geylang,Central Region,28405561,1.31601,103.8877,0,0,0
618,618,49,55,96,f,Private room,1,1,1,328,Kallang,Central Region,41304318,1.31141,103.85998,1339.33,1503.33,164
619,619,290,191,41,f,Entire home/apt,1,1,0,350,Bukit Merah,Central Region,33622349,1.28983,103.8323,8458.33,5570.83,-2887.5
620,620,155,195,41,f,Entire home/apt,1,1,0,364,Bukit Merah,Central Region,42463836,1.28617,103.83354,4701.67,5915,1213.33
621,621,115,624,0,f,Entire home/apt,2,2,0,0,Tampines,East Region,25310826,1.34896,103.92735,0,0,0
622,622,401,356,100,f,Entire home/apt,3,4,0,0,Hougang,North-East Region,46108799,1.37475,103.88005,0,0,0
623,623,55,113,0,f,Private room,1,1,0,358,Bedok,East Region,44560557,1.31293,103.91928,1640.83,3371.17,1730.34
624,624,51,82,0,f,Shared room,1,1,23,328,Downtown Core,Central Region,9054629,1.28535,103.85062,1394,2241.33,847.33
625,625,150,93,84,t,Private room,1,1,1,270,Bedok,East Region,43359087,1.32339,103.91321,3375,2092.5,-1282.5
626,626,200,257,31,f,Entire home/apt,2,2,0,364,Bukit Merah,Central Region,43684578,1.27341,103.80812,6066.67,7795.67,1729
627,627,368,167,0,f,Entire home/apt,2,2,1,88,Geylang,Central Region,29224499,1.31495,103.88898,2698.67,1224.67,-1474
628,628,94,129,89,t,Entire home/apt,1,1,1,0,Kallang,Central Region,37789401,1.31227,103.85819,0,0,0
629,629,60,88,22,f,Private room,1,1,10,256,Novena,Central Region,9828451,1.31656,103.83964,1280,1877.33,597.33
630,630,140,168,0,f,Entire home/apt,1,1,0,365,Orchard,Central Region,26286378,1.3004,103.83795,4258.33,5110,851.67
631,631,92,94,100,f,Private room,1,1,0,0,Bedok,East Region,17716164,1.32141,103.92161,0,0,0
632,632,155,171,99,t,Entire home/apt,1,1,9,2,Rochor,Central Region,21015977,1.29806,103.85257,25.83,28.5,2.67
633,633,49,143,96,f,Hotel room,1,1,16,138,Singapore River,Central Region,35082329,1.28897,103.848,563.5,1644.5,1081
634,634,69,95,97,f,Private room,1,1,1,359,Outram,Central Region,37945388,1.2842,103.84255,2064.25,2842.08,777.83
635,635,620,470,30,f,Entire home/apt,3,4,1,354,Newton,Central Region,36252767,1.31034,103.83846,18290,13865,-4425
636,636,75,79,65,f,Private room,1,1,19,85,Bedok,East Region,23438702,1.32098,103.91452,531.25,559.58,28.33
637,637,80,130,25,f,Entire home/apt,0,1,0,228,Marine Parade,Central Region,51738553,1.30291,103.89544,1520,2470,950
638,638,145,97,13,f,Private room,1,1,8,359,Museum,Central Region,24763675,1.29615,103.8513,4337.92,2901.92,-1436
639,639,69,95,97,f,Private room,1,1,1,357,Outram,Central Region,24635669,1.28347,103.84166,2052.75,2826.25,773.5
640,640,90,70,0,f,Private room,1,1,0,0,Woodlands,North Region,25468316,1.44458,103.79321,0,0,0
641,641,368,273,100,f,Entire home/apt,1,2,0,359,Novena,Central Region,46266507,1.32017,103.85177,11009.33,8167.25,-2842.08
642,642,460,222,100,f,Entire home/apt,2,3,0,0,Hougang,North-East Region,46057282,1.37691,103.8791,0,0,0
643,643,99,95,0,t,Private room,1,3,209,116,Novena,Central Region,5494971,1.31778,103.84769,957,918.33,-38.67
644,644,280,102,65,f,Private room,1,1,3,179,Outram,Central Region,6890874,1.28389,103.84025,4176.67,1521.5,-2655.17
645,645,26,58,33,f,Shared room,1,16,39,328,Rochor,Central Region,12211392,1.31082,103.85366,710.67,1585.33,874.66
646,646,300,127,50,f,Private room,1,16,7,116,Kallang,Central Region,9269981,1.31017,103.87419,2900,1227.67,-1672.33
647,647,74,83,84,f,Entire home/apt,1,1,14,69,Geylang,Central Region,24056026,1.31365,103.88611,425.5,477.25,51.75
648,648,110,195,0,f,Entire home/apt,0,2,0,358,Bedok,East Region,11007108,1.31222,103.91403,3281.67,5817.5,2535.83
649,649,240,187,41,f,Entire home/apt,1,1,0,364,Bukit Timah,Central Region,44090296,1.33278,103.78869,7280,5672.33,-1607.67
650,650,37,78,0,f,Private room,1,0,0,0,Bukit Panjang,West Region,46111040,1.34882,103.77249,0,0,0
651,651,329,140,0,f,Private room,1,2,0,10,Downtown Core,Central Region,53819947,1.300809593,103.8570594,274.17,116.67,-157.5
652,652,320,78,0,f,Private room,0,2,0,0,Bukit Merah,Central Region,24044750,1.26625,103.8196,0,0,0
653,653,163,74,9,f,Private room,1,0,2,88,Kallang,Central Region,41019742,1.3118,103.85934,1195.33,542.67,-652.66
654,654,500,102,0,f,Private room,1,1,0,365,Outram,Central Region,43705606,1.28231,103.8462,15208.33,3102.5,-12105.83
655,655,168,106,96,f,Private room,1,1,0,359,Rochor,Central Region,51005798,1.304,103.85238,5026,3171.17,-1854.83
656,656,170,255,30,f,Entire home/apt,1,1,0,364,Outram,Central Region,43121186,1.27585,103.84388,5156.67,7735,2578.33
657,657,56,77,65,f,Private room,1,1,30,270,Bedok,East Region,31886652,1.31082,103.92463,1260,1732.5,472.5
658,658,180,100,60,f,Private room,1,1,1,365,Tanglin,Central Region,34243743,1.2951,103.82826,5475,3041.67,-2433.33
659,659,49,114,0,f,Private room,1,1,0,91,Marine Parade,Central Region,46516871,1.30638,103.90674,371.58,864.5,492.92
660,660,90,89,91,t,Private room,1,2,28,37,Serangoon,North-East Region,16966634,1.38565,103.87355,277.5,274.42,-3.08
661,661,25,67,65,f,Private room,1,1,1,180,Jurong West,West Region,15965563,1.34679,103.69814,375,1005,630
662,662,99,88,0,f,Private room,1,1,0,362,Hougang,North-East Region,19258336,1.37601,103.90101,2986.5,2654.67,-331.83
663,663,60,76,36,t,Private room,1,1,4,336,Bukit Timah,Central Region,14435012,1.31284,103.79736,1680,2128,448
664,664,59,57,96,f,Private room,1,1,0,328,Kallang,Central Region,37367374,1.30899,103.86128,1612.67,1558,-54.67
665,665,400,454,100,t,Entire home/apt,3,4,45,115,Tanglin,Central Region,1210268,1.31633,103.827194,3833.33,4350.83,517.5
666,666,180,195,30,f,Entire home/apt,1,1,0,364,Bukit Merah,Central Region,51512763,1.28916,103.83037,5460,5915,455
667,667,575,513,41,f,Entire home/apt,2,3,0,364,Orchard,Central Region,36013750,1.3022,103.83329,17441.67,15561,-1880.67
668,668,255,174,90,f,Entire home/apt,1,1,46,55,Outram,Central Region,24704585,1.28335,103.845,1168.75,797.5,-371.25
669,669,109,170,99,f,Entire home/apt,1,1,6,312,River Valley,Central Region,43404091,1.29477,103.83955,2834,4420,1586
670,670,435,499,41,f,Entire home/apt,3,3,1,364,Queenstown,Central Region,20631082,1.30592,103.77984,13195,15136.33,1941.33
671,671,83,85,70,t,Entire home/apt,1,1,31,86,Geylang,Central Region,6142390,1.31355,103.88715,594.83,609.17,14.34
672,672,349,249,91,t,Entire home/apt,2,2,46,154,Kallang,Central Region,33110734,1.32229,103.86607,4478.83,3195.5,-1283.33
673,673,302,278,30,f,Entire home/apt,1,1,0,364,Queenstown,Central Region,51515637,1.28048,103.78296,9160.67,8432.67,-728
674,674,91,90,96,f,Private room,1,2,0,241,Outram,Central Region,51207880,1.28167,103.84339,1827.58,1807.5,-20.08
675,675,224,380,0,f,Entire home/apt,2,2,3,228,Rochor,Central Region,5339318,1.30358,103.84575,4256,7220,2964
676,676,70,115,0,f,Private room,1,1,0,0,Outram,Central Region,18479131,1.27554,103.84119,0,0,0
677,677,510,585,30,f,Entire home/apt,3,4,0,364,Orchard,Central Region,39406586,1.30818,103.83461,15470,17745,2275
678,678,260,212,41,f,Entire home/apt,0,1,0,364,Marine Parade,Central Region,48191140,1.30056,103.88594,7886.67,6430.67,-1456
679,679,90,100,13,f,Private room,1,1,2,360,Novena,Central Region,37984524,1.32585,103.85087,2700,3000,300
680,680,600,277,41,f,Entire home/apt,1,1,0,364,Orchard,Central Region,53855956,1.300435508,103.8400917,18200,8402.33,-9797.67
681,681,290,285,41,f,Entire home/apt,1,1,0,364,River Valley,Central Region,35693228,1.29828,103.83866,8796.67,8645,-151.67
682,682,147,210,24,f,Entire home/apt,1,2,5,360,Novena,Central Region,44080236,1.32251,103.85198,4410,6300,1890
683,683,85,90,50,f,Private room,1,4,0,116,Kallang,Central Region,41159508,1.31042,103.87204,821.67,870,48.33
684,684,195,112,100,f,Private room,1,1,0,361,Bukit Merah,Central Region,53836629,1.285217503,103.833169,5866.25,3369.33,-2496.92
685,685,20,70,0,f,Private room,1,1,0,0,Woodlands,North Region,28616375,1.44115,103.77586,0,0,0
686,686,195,250,31,f,Entire home/apt,2,2,0,364,Kallang,Central Region,48192343,1.31219,103.85944,5915,7583.33,1668.33
687,687,70,81,84,f,Entire home/apt,1,1,147,59,Geylang,Central Region,6099703,1.31471,103.88627,344.17,398.25,54.08
688,688,195,135,99,f,Private room,0,1,4,362,Kallang,Central Region,46424078,1.3134,103.86153,5882.5,4072.5,-1810
689,689,695,585,30,f,Entire home/apt,3,4,0,364,Singapore River,Central Region,43006410,1.29127,103.8458,21081.67,17745,-3336.67
690,690,55,84,97,f,Private room,1,1,3,330,Outram,Central Region,1261443,1.28458,103.84311,1512.5,2310,797.5
691,691,480,318,30,f,Entire home/apt,2,2,0,364,Newton,Central Region,53020768,1.30208,103.83939,14560,9646,-4914
692,692,950,115,0,f,Private room,1,1,0,0,Outram,Central Region,4013186,1.27795,103.84109,0,0,0
693,693,59,54,81,f,Private room,1,1,1,329,Geylang,Central Region,17123186,1.31522,103.882,1617.58,1480.5,-137.08
694,694,68,98,100,f,Private room,2,2,59,270,Pasir Ris,East Region,13703898,1.37173,103.94855,1530,2205,675
695,695,49,58,97,f,Private room,1,1,4,0,Kallang,Central Region,39638066,1.30968,103.86086,0,0,0
696,696,81,98,36,t,Private room,1,1,0,364,Bukit Timah,Central Region,23318905,1.31084,103.79765,2457,2972.67,515.67
697,697,22,33,13,f,Hotel room,1,10,22,316,Kallang,Central Region,28794509,1.31154,103.87348,579.33,869,289.67
698,698,150,96,0,f,Private room,1,4,0,1,Kallang,Central Region,3179271,1.31029,103.86048,12.5,8,-4.5
699,699,156,168,96,f,Private room,0,2,0,355,Downtown Core,Central Region,46384679,1.29749,103.85674,4615,4970,355
700,700,65,70,100,f,Shared room,1,4,44,261,Singapore River,Central Region,10001615,1.28819,103.84821,1413.75,1522.5,108.75
701,701,203,101,100,f,Private room,1,1,1,356,Serangoon,North-East Region,38305984,1.34595,103.87039,6022.33,2996.33,-3026
702,702,464,377,0,f,Entire home/apt,3,3,0,363,Novena,Central Region,53316636,1.31716,103.84506,14036,11404.25,-2631.75
703,703,100,102,41,f,Private room,1,1,0,364,Novena,Central Region,44580290,1.32722,103.84464,3033.33,3094,60.67
704,704,357,151,50,f,Entire home/apt,1,5,8,177,Geylang,Central Region,32245578,1.3104,103.88167,5265.75,2227.25,-3038.5
705,705,65,92,0,f,Private room,1,1,0,174,Geylang,Central Region,355955,1.31374,103.9019,942.5,1334,391.5
706,706,72,83,84,f,Entire home/apt,1,1,16,90,Geylang,Central Region,35008965,1.31371,103.88629,540,622.5,82.5
707,707,157,248,100,f,Entire home/apt,2,3,148,263,Punggol,North-East Region,14245740,1.39178,103.91181,3440.92,5435.33,1994.41
708,708,299,141,0,f,Entire home/apt,0,1,0,84,Clementi,West Region,40224580,1.31405,103.75954,2093,987,-1106
709,709,610,556,41,f,Entire home/apt,3,4,1,364,River Valley,Central Region,36156663,1.29912,103.84106,18503.33,16865.33,-1638
710,710,450,474,80,f,Entire home/apt,3,3,0,363,Queenstown,Central Region,43490885,1.29716,103.80483,13612.5,14338.5,726
711,711,70,113,0,f,Private room,1,0,0,358,Bukit Merah,Central Region,43201822,1.27311,103.83601,2088.33,3371.17,1282.84
712,712,89,106,67,f,Private room,1,1,1,365,Sembawang,North Region,20774607,1.4406,103.82203,2707.08,3224.17,517.09
713,713,28,31,100,f,Hotel room,1,13,17,300,Outram,Central Region,13274598,1.28379,103.84399,700,775,75
714,714,310,116,0,f,Shared room,1,2,0,0,Bukit Merah,Central Region,24044899,1.27121,103.84257,0,0,0
715,715,89,85,65,f,Shared room,1,1,3,55,Rochor,Central Region,8196359,1.30394,103.85108,407.92,389.58,-18.34
716,716,2500,280,98,f,Entire home/apt,3,4,55,90,Bukit Merah,Central Region,20247516,1.2652,103.819,18750,2100,-16650
717,717,145,134,89,t,Entire home/apt,0,0,0,0,Novena,Central Region,47927646,1.31781,103.84861,0,0,0
718,718,100,101,9,f,Private room,0,1,0,67,Rochor,Central Region,51715174,1.30203,103.86176,558.33,563.92,5.59
719,719,265,211,41,f,Entire home/apt,1,1,0,326,River Valley,Central Region,52977792,1.29334,103.8396,7199.17,5732.17,-1467
720,720,24,31,38,f,Shared room,1,16,67,0,Kallang,Central Region,10030323,1.31114,103.86054,0,0,0
721,721,766,386,100,t,Entire home/apt,3,4,11,0,Outram,Central Region,19953933,1.28707,103.84243,0,0,0
722,722,40,91,0,f,Private room,1,1,0,30,Toa Payoh,Central Region,23613551,1.3387,103.85155,100,227.5,127.5
723,723,164,187,96,f,Hotel room,0,1,3,318,Singapore River,Central Region,23329869,1.28798,103.84902,4346,4955.5,609.5
724,724,35,95,40,f,Private room,1,1,7,0,Sengkang,North-East Region,41570615,1.38784,103.89001,0,0,0
725,725,33,68,50,f,Shared room,1,1,0,175,Kallang,Central Region,33029085,1.31397,103.86151,481.25,991.67,510.42
726,726,355,187,41,f,Entire home/apt,0,1,0,364,Downtown Core,Central Region,53103357,1.27743,103.84837,10768.33,5672.33,-5096
727,727,786,223,20,f,Entire home/apt,1,3,0,362,Orchard,Central Region,11220676,1.30081,103.83598,23711,6727.17,-16983.83
728,728,368,406,60,f,Entire home/apt,2,3,0,360,Novena,Central Region,43745260,1.31733,103.84377,11040,12180,1140
729,729,227,181,30,f,Entire home/apt,1,0,0,364,Bukit Merah,Central Region,40313848,1.27228,103.83394,6885.67,5490.33,-1395.34
730,730,83,95,84,f,Entire home/apt,0,1,3,45,Outram,Central Region,46446227,1.28349,103.84562,311.25,356.25,45
731,731,220,183,31,f,Entire home/apt,1,2,0,35,Downtown Core,Central Region,38364769,1.29672,103.85431,641.67,533.75,-107.92
732,732,144,131,89,t,Entire home/apt,1,1,7,0,Downtown Core,Central Region,23506068,1.27633,103.84515,0,0,0
733,733,140,232,31,f,Entire home/apt,1,1,0,358,Outram,Central Region,35185826,1.28318,103.84475,4176.67,6921.33,2744.66
